Tanggal,Terakhir,Pembukaan,Tertinggi,Terendah,Vol.,Perubahan%,day,week,month,year
2022-12-30,1.8262,1.8218,1.8324,1.8198,10750000.0,0.01,30,52,12,2022
2022-12-29,1.826,1.8123,1.8273,1.8112,10599000.0,0.56,29,52,12,2022
2022-12-28,1.8158,1.8224,1.8228,1.8042,11808000.0,-0.4,28,52,12,2022
2022-12-27,1.8231,1.8082,1.8419,1.808,15962000.0,0.74,27,52,12,2022
2022-12-23,1.8042,1.801,1.8122,1.7989,10546000.0,0.5,23,51,12,2022
2022-12-22,1.7953,1.8238,1.8293,1.7927,17577000.0,-1.65,22,51,12,2022
2022-12-21,1.8254,1.8279,1.8338,1.8213,11018000.0,0.0,21,51,12,2022
2022-12-20,1.8254,1.7968,1.8324,1.7937,19750000.0,1.54,20,51,12,2022
2022-12-19,1.7977,1.8016,1.8086,1.7932,8609000.0,-0.14,19,51,12,2022
2022-12-16,1.8002,1.7869,1.8042,1.7839,12875000.0,0.69,16,50,12,2022
2022-12-15,1.7878,1.8187,1.8197,1.782,18532000.0,-1.7,15,50,12,2022
2022-12-14,1.8187,1.8226,1.8254,1.8062,14380000.0,-0.37,14,50,12,2022
2022-12-13,1.8255,1.7923,1.8369,1.7918,23091000.0,1.85,13,50,12,2022
2022-12-12,1.7923,1.808,1.8093,1.789,10778000.0,-1.02,12,50,12,2022
2022-09-12,1.8107,1.8019,1.819,1.8001,15094000.0,0.51,12,37,9,2022
2022-08-12,1.8015,1.7995,1.8069,1.7932,11627000.0,0.19,12,32,8,2022
2022-07-12,1.798,1.7833,1.8032,1.7805,15557000.0,0.88,12,28,7,2022
2022-06-12,1.7824,1.7808,1.7932,1.7791,12786000.0,0.06,12,23,6,2022
2022-05-12,1.7813,1.8105,1.8229,1.7781,17982000.0,-1.56,12,19,5,2022
2022-02-12,1.8096,1.817,1.8187,1.7918,18372000.0,-0.31,12,6,2,2022
2022-01-12,1.8152,1.7831,1.8184,1.7829,22615000.0,3.14,12,2,1,2022
2022-11-30,1.7599,1.7634,1.7842,1.7582,19224000.0,-0.22,30,48,11,2022
2022-11-29,1.7637,1.7546,1.7734,1.7529,12732000.0,1.34,29,48,11,2022
2022-11-28,1.7403,1.755,1.7635,1.7382,13277000.0,-0.78,28,48,11,2022
2022-11-25,1.754,1.751,1.7612,1.7459,13430000.0,0.0,25,47,11,2022
2022-11-24,1.754,1.751,1.7612,1.7459,13430000.0,0.48,24,47,11,2022
2022-11-23,1.7456,1.7408,1.7549,1.719,16777000.0,0.33,23,47,11,2022
2022-11-22,1.7399,1.7397,1.751,1.7376,15309000.0,0.02,22,47,11,2022
2022-11-21,1.7396,1.752,1.755,1.7339,16608000.0,-0.84,21,47,11,2022
2022-11-18,1.7544,1.7631,1.7699,1.7492,13733000.0,-0.49,18,46,11,2022
2022-11-17,1.763,1.777,1.7776,1.7566,16910000.0,-0.72,17,46,11,2022
2022-11-16,1.7758,1.782,1.7882,1.7734,20076000.0,-0.06,16,46,11,2022
2022-11-15,1.7768,1.774,1.7918,1.7702,28302000.0,-0.01,15,46,11,2022
2022-11-14,1.7769,1.7694,1.7784,1.7558,19135000.0,0.42,14,46,11,2022
2022-11-11,1.7694,1.7583,1.7756,1.7503,22704000.0,0.9,11,45,11,2022
2022-10-11,1.7537,1.7097,1.7606,1.7055,30572000.0,2.33,11,41,10,2022
2022-09-11,1.7137,1.7152,1.7258,1.7051,23965000.0,-0.13,11,36,9,2022
2022-08-11,1.716,1.678,1.7204,1.6671,29762000.0,2.11,11,32,8,2022
2022-07-11,1.6805,1.6786,1.6856,1.67,18759000.0,0.23,11,28,7,2022
2022-04-11,1.6766,1.6317,1.6864,1.6311,29352000.0,2.8,11,15,4,2022
2022-03-11,1.6309,1.6391,1.6432,1.6183,25470000.0,-1.16,11,10,3,2022
2022-02-11,1.65,1.6514,1.6731,1.6374,22093000.0,0.02,11,6,2,2022
2022-01-11,1.6497,1.6361,1.6603,1.6336,19798000.0,0.55,11,2,1,2022
2022-10-31,1.6407,1.6472,1.6485,1.6345,12841000.0,-0.25,31,44,10,2022
2022-10-28,1.6448,1.6672,1.6709,1.6407,19636000.0,-1.25,28,43,10,2022
2022-10-27,1.6656,1.6688,1.6748,1.6585,18929000.0,-0.22,27,43,10,2022
2022-10-26,1.6692,1.6577,1.6794,1.6538,18693000.0,0.68,26,43,10,2022
2022-10-25,1.658,1.6545,1.6668,1.6412,18280000.0,0.24,25,43,10,2022
2022-10-24,1.6541,1.6629,1.6755,1.648,17102000.0,-0.13,24,43,10,2022
2022-10-21,1.6563,1.6324,1.6631,1.6211,27110000.0,1.19,21,42,10,2022
2022-10-20,1.6368,1.6346,1.6503,1.6263,16373000.0,0.16,20,42,10,2022
2022-10-19,1.6342,1.6572,1.6598,1.6322,17925000.0,-1.3,19,42,10,2022
2022-10-18,1.6558,1.6559,1.666,1.6506,16317000.0,-0.49,18,42,10,2022
2022-10-17,1.664,1.6499,1.6743,1.6491,14889000.0,0.92,17,42,10,2022
2022-10-14,1.6489,1.6728,1.6778,1.6456,18317000.0,-1.68,14,41,10,2022
2022-10-13,1.677,1.6802,1.6889,1.6483,23701000.0,-0.03,13,41,10,2022
2022-12-10,1.6775,1.6734,1.6851,1.668,13177000.0,-0.5,10,49,12,2022
2022-11-10,1.686,1.6756,1.6913,1.6675,17181000.0,0.64,10,45,11,2022
2022-10-10,1.6752,1.7034,1.7074,1.6725,15715000.0,-1.99,10,41,10,2022
2022-07-10,1.7093,1.721,1.7228,1.6984,15745000.0,-0.67,10,27,7,2022
2022-06-10,1.7208,1.7255,1.7342,1.7148,13944000.0,0.0,10,23,6,2022
2022-05-10,1.7208,1.7344,1.7366,1.7088,17322000.0,-0.56,10,19,5,2022
2022-04-10,1.7305,1.7084,1.7387,1.704,20508000.0,1.67,10,14,4,2022
2022-03-10,1.702,1.6705,1.7104,1.6665,21549000.0,1.79,10,10,3,2022
2022-09-30,1.672,1.6695,1.6844,1.6675,17999000.0,0.2,30,39,9,2022
2022-09-29,1.6686,1.669,1.6731,1.6493,20196000.0,-0.08,29,39,9,2022
2022-09-28,1.67,1.6365,1.6716,1.6222,27982000.0,2.07,28,39,9,2022
2022-09-27,1.6362,1.6292,1.6501,1.6287,19706000.0,0.17,27,39,9,2022
2022-09-26,1.6334,1.651,1.6572,1.6277,21986000.0,-1.34,26,39,9,2022
2022-09-23,1.6556,1.6801,1.685,1.6466,24305000.0,-1.52,23,38,9,2022
2022-09-22,1.6811,1.6828,1.6935,1.6633,24128000.0,0.32,22,38,9,2022
2022-09-21,1.6757,1.6732,1.6969,1.6613,22794000.0,0.28,21,38,9,2022
2022-09-20,1.6711,1.6849,1.6888,1.6681,14393000.0,-0.42,20,38,9,2022
2022-09-19,1.6782,1.6854,1.6888,1.6676,14117000.0,-0.31,19,38,9,2022
2022-09-16,1.6835,1.6737,1.6899,1.6619,21723000.0,0.37,16,37,9,2022
2022-09-15,1.6773,1.7072,1.7078,1.6689,26809000.0,-1.86,15,37,9,2022
2022-09-14,1.7091,1.7116,1.7173,1.7033,16329000.0,-0.48,14,37,9,2022
2022-09-13,1.7174,1.736,1.7429,1.7067,23270000.0,-1.33,13,37,9,2022
2022-12-09,1.7406,1.7284,1.7464,1.7223,15437000.0,0.69,9,49,12,2022
2022-09-09,1.7286,1.7196,1.7405,1.7194,15471000.0,0.49,9,36,9,2022
2022-08-09,1.7202,1.7295,1.7394,1.7137,18418000.0,-0.44,9,32,8,2022
2022-07-09,1.7278,1.7129,1.7312,1.7017,17362000.0,1.17,9,27,7,2022
2022-06-09,1.7079,1.7197,1.7197,1.7142,2000.0,-0.29,9,23,6,2022
2022-05-09,1.7129,1.7242,1.7374,1.7106,20627000.0,-0.33,9,19,5,2022
2022-02-09,1.7226,1.7078,1.7295,1.7059,17468000.0,0.78,9,6,2,2022
2022-01-09,1.7093,1.723,1.723,1.6991,19862000.0,-0.98,9,1,1,2022
2022-08-31,1.7262,1.7355,1.738,1.7206,17673000.0,-0.58,31,35,8,2022
2022-08-30,1.7363,1.7498,1.7528,1.7329,13066000.0,-0.77,30,35,8,2022
2022-08-29,1.7497,1.7484,1.7579,1.7314,15622000.0,-0.01,29,35,8,2022
2022-08-26,1.7498,1.7718,1.7723,1.7462,17690000.0,-1.22,26,34,8,2022
2022-08-25,1.7714,1.7644,1.7788,1.763,11757000.0,0.56,25,34,8,2022
2022-08-24,1.7615,1.7613,1.7695,1.7548,11265000.0,0.02,24,34,8,2022
2022-08-23,1.7612,1.75,1.7675,1.7431,14526000.0,0.73,23,34,8,2022
2022-08-22,1.7484,1.7606,1.7621,1.7402,14286000.0,-0.82,22,34,8,2022
2022-08-19,1.7629,1.7731,1.7733,1.7591,13870000.0,-0.47,19,33,8,2022
2022-08-18,1.7712,1.7771,1.7863,1.7688,12432000.0,-0.31,18,33,8,2022
2022-08-17,1.7767,1.7908,1.7966,1.7739,13783000.0,-0.73,17,33,8,2022
2022-08-16,1.7897,1.7955,1.798,1.7854,9440000.0,-0.47,16,33,8,2022
2022-08-15,1.7981,1.8189,1.8189,1.7876,13777000.0,-0.96,15,33,8,2022
2022-12-08,1.8155,1.8052,1.8191,1.7996,11865000.0,0.46,8,49,12,2022
2022-11-08,1.8072,1.8079,1.8149,1.7986,12126000.0,-0.36,8,45,11,2022
2022-10-08,1.8137,1.8115,1.8246,1.8033,15459000.0,0.08,8,40,10,2022
2022-09-08,1.8123,1.8055,1.817,1.7994,12051000.0,0.39,8,36,9,2022
2022-08-08,1.8052,1.7903,1.8064,1.7869,10368000.0,0.78,8,32,8,2022
2022-05-08,1.7912,1.8077,1.8116,1.7802,16890000.0,-0.87,8,18,5,2022
2022-04-08,1.8069,1.7821,1.812,1.7794,15329000.0,1.72,8,14,4,2022
2022-03-08,1.7764,1.7773,1.7894,1.77,15173000.0,-0.74,8,10,3,2022
2022-02-08,1.7897,1.7892,1.805,1.776,17417000.0,0.11,8,6,2,2022
2022-01-08,1.7877,1.7825,1.7925,1.7743,13374000.0,0.33,8,1,1,2022
2022-07-29,1.7818,1.7731,1.7846,1.7684,13689000.0,0.71,29,30,7,2022
2022-07-28,1.7692,1.7514,1.7744,1.7504,19286000.0,2.91,28,30,7,2022
2022-07-27,1.7191,1.7152,1.7396,1.7091,14487000.0,0.08,27,30,7,2022
2022-07-26,1.7177,1.7179,1.7264,1.7115,14737000.0,-0.08,26,30,7,2022
2022-07-25,1.7191,1.7263,1.7346,1.7129,16072000.0,-0.48,25,30,7,2022
2022-07-22,1.7274,1.7172,1.7383,1.7117,20062000.0,0.82,22,29,7,2022
2022-07-21,1.7134,1.6937,1.7195,1.6784,24888000.0,0.78,21,29,7,2022
2022-07-20,1.7002,1.7095,1.7127,1.6901,17447000.0,-0.61,20,29,7,2022
2022-07-19,1.7107,1.7072,1.7165,1.7026,13177000.0,0.03,19,29,7,2022
2022-07-18,1.7102,1.7064,1.722,1.7044,15754000.0,0.39,18,29,7,2022
2022-07-15,1.7036,1.7082,1.7142,1.6966,17680000.0,-0.13,15,28,7,2022
2022-07-14,1.7058,1.7336,1.7348,1.695,26635000.0,-1.71,14,28,7,2022
2022-07-13,1.7355,1.7236,1.7443,1.7045,30055000.0,0.62,13,28,7,2022
2022-12-07,1.7248,1.7313,1.7422,1.7216,25517000.0,-0.4,7,49,12,2022
2022-11-07,1.7317,1.7415,1.743,1.729,17190000.0,-0.61,7,45,11,2022
2022-08-07,1.7423,1.7387,1.7517,1.726,18918000.0,0.15,7,31,8,2022
2022-07-07,1.7397,1.7372,1.7482,1.7347,15126000.0,0.18,7,27,7,2022
2022-06-07,1.7365,1.7642,1.7715,1.7307,25882000.0,-1.83,7,23,6,2022
2022-05-07,1.7689,1.817,1.817,1.7689,133000.0,0.28,7,18,5,2022
2022-04-07,1.7639,1.8144,1.8152,1.763,31037000.0,-2.09,7,14,4,2022
2022-01-07,1.8015,1.8081,1.8136,1.7834,24949000.0,-0.32,7,1,1,2022
2022-06-30,1.8073,1.8192,1.8268,1.8025,20890000.0,-0.56,30,26,6,2022
2022-06-29,1.8175,1.8214,1.8349,1.8107,15554000.0,-0.2,29,26,6,2022
2022-06-28,1.8212,1.8236,1.8309,1.8191,11140000.0,-0.2,28,26,6,2022
2022-06-27,1.8248,1.8396,1.8428,1.8218,14382000.0,-0.3,27,26,6,2022
2022-06-24,1.8303,1.8242,1.8337,1.8177,13972000.0,0.03,24,25,6,2022
2022-06-23,1.8298,1.8397,1.8489,1.8235,16707000.0,-0.47,23,25,6,2022
2022-06-22,1.8384,1.8349,1.8503,1.8245,14955000.0,-0.02,22,25,6,2022
2022-06-21,1.8388,1.8406,1.8484,1.8307,17630000.0,0.0,21,25,6,2022
2022-06-20,1.8388,1.8406,1.8484,1.8307,17630000.0,-0.1,20,25,6,2022
2022-06-17,1.8406,1.8593,1.8615,1.8361,14172000.0,-0.5,17,24,6,2022
2022-06-16,1.8499,1.8358,1.8602,1.8163,18089000.0,1.67,16,24,6,2022
2022-06-15,1.8196,1.8097,1.8454,1.8084,20342000.0,0.34,15,24,6,2022
2022-06-14,1.8135,1.8209,1.8333,1.8061,16515000.0,-1.0,14,24,6,2022
2022-06-13,1.8318,1.879,1.8825,1.819,25254000.0,-2.33,13,24,6,2022
2022-10-06,1.8755,1.8504,1.8796,1.8265,26720000.0,1.23,6,40,10,2022
2022-09-06,1.8528,1.8551,1.8578,1.8419,13129000.0,-0.2,6,36,9,2022
2022-08-06,1.8565,1.855,1.8624,1.8466,11414000.0,0.24,6,31,8,2022
2022-07-06,1.8521,1.8435,1.8582,1.8385,11921000.0,0.46,6,27,7,2022
2022-06-06,1.8437,1.8537,1.8612,1.843,10318000.0,-0.35,6,23,6,2022
2022-03-06,1.8502,1.8726,1.8786,1.8497,11534000.0,-1.13,6,9,3,2022
2022-02-06,1.8714,1.8499,1.8744,1.8465,12747000.0,1.23,6,5,2,2022
2022-01-06,1.8487,1.84,1.853,1.8302,15804000.0,0.02,6,1,1,2022
2022-05-31,1.8484,1.8565,1.8679,1.8376,20180000.0,0.0,31,22,5,2022
2022-05-30,1.8484,1.8565,1.8679,1.8376,20180000.0,-0.48,30,22,5,2022
2022-05-27,1.8573,1.8551,1.8669,1.8519,12376000.0,0.53,27,21,5,2022
2022-05-26,1.8476,1.8518,1.8528,1.8363,12336000.0,0.07,26,21,5,2022
2022-05-25,1.8463,1.8654,1.8667,1.8387,18282000.0,-1.02,25,21,5,2022
2022-05-24,1.8654,1.8523,1.8691,1.8476,17476000.0,0.95,24,21,5,2022
2022-05-23,1.8478,1.8444,1.8643,1.8433,16327000.0,0.31,23,21,5,2022
2022-05-20,1.8421,1.8396,1.8478,1.8306,14305000.0,0.05,20,20,5,2022
2022-05-19,1.8412,1.8151,1.8482,1.8084,17524000.0,1.39,19,20,5,2022
2022-05-18,1.8159,1.8132,1.8229,1.805,15035000.0,-0.16,18,20,5,2022
2022-05-17,1.8189,1.8239,1.8348,1.811,13729000.0,0.27,17,20,5,2022
2022-05-16,1.814,1.8094,1.826,1.785,15949000.0,0.32,16,20,5,2022
2022-05-13,1.8082,1.8214,1.8276,1.7972,17948000.0,-0.9,13,19,5,2022
2022-12-05,1.8246,1.8523,1.8588,1.8201,25561000.0,-1.57,5,49,12,2022
2022-11-05,1.8537,1.8366,1.8578,1.8306,24356000.0,0.69,5,44,11,2022
2022-10-05,1.841,1.8539,1.8647,1.8345,26081000.0,-0.95,5,40,10,2022
2022-09-05,1.8586,1.8837,1.8856,1.851,21882000.0,-1.29,5,36,9,2022
2022-06-05,1.8828,1.8775,1.894,1.865,19428000.0,0.38,5,22,6,2022
2022-05-05,1.8757,1.8841,1.9107,1.8723,21839000.0,0.37,5,18,5,2022
2022-04-05,1.8688,1.8683,1.892,1.8611,16148000.0,-0.1,5,14,4,2022
2022-03-05,1.8706,1.8636,1.8784,1.8497,16743000.0,0.38,5,9,3,2022
2022-02-05,1.8636,1.8962,1.9004,1.8534,19383000.0,-2.52,5,5,2,2022
2022-04-29,1.9117,1.8958,1.9213,1.8935,17714000.0,1.08,29,17,4,2022
2022-04-28,1.8913,1.8868,1.8978,1.8709,17091000.0,0.14,28,17,4,2022
2022-04-27,1.8887,1.9074,1.9081,1.8816,17820000.0,-0.81,27,17,4,2022
2022-04-26,1.9041,1.8998,1.9122,1.8963,16620000.0,0.43,26,17,4,2022
2022-04-25,1.896,1.9319,1.9355,1.8918,23149000.0,-1.98,25,17,4,2022
2022-04-22,1.9343,1.9531,1.9578,1.928,17668000.0,-0.71,22,16,4,2022
2022-04-21,1.9482,1.96,1.9601,1.938,15492000.0,-0.38,21,16,4,2022
2022-04-20,1.9556,1.9527,1.9609,1.941,13951000.0,-0.17,20,16,4,2022
2022-04-19,1.959,1.9812,1.9851,1.9455,18144000.0,-1.38,19,16,4,2022
2022-04-18,1.9864,1.9785,2.003,1.9744,13813000.0,0.58,18,16,4,2022
2022-04-14,1.9749,1.9816,1.984,1.9627,13942000.0,-0.49,14,15,4,2022
2022-04-13,1.9847,1.9705,1.9858,1.9663,13203000.0,0.44,13,15,4,2022
2022-12-04,1.9761,1.9574,1.9827,1.953,17239000.0,1.43,4,48,12,2022
2022-11-04,1.9482,1.9496,1.9746,1.9429,18439000.0,0.13,4,44,11,2022
2022-08-04,1.9456,1.9343,1.9522,1.9304,14250000.0,0.4,4,31,8,2022
2022-07-04,1.9378,1.9281,1.9417,1.9233,12281000.0,0.76,4,27,7,2022
2022-06-04,1.9231,1.9276,1.9376,1.9162,15397000.0,-0.23,4,22,6,2022
2022-05-04,1.9275,1.9373,1.9489,1.9209,14726000.0,-0.34,4,18,5,2022
2022-04-04,1.934,1.9271,1.9416,1.9182,10844000.0,0.54,4,14,4,2022
2022-01-04,1.9237,1.9424,1.9445,1.9214,13515000.0,-1.55,4,1,1,2022
2022-03-31,1.954,1.9373,1.955,1.923,15530000.0,0.77,31,13,3,2022
2022-03-30,1.939,1.924,1.9434,1.9201,13604000.0,1.4,30,13,3,2022
2022-03-29,1.9122,1.9224,1.9294,1.8883,12805000.0,-1.42,29,13,3,2022
2022-03-28,1.9398,1.9587,1.9598,1.9157,18137000.0,-0.74,28,13,3,2022
2022-03-25,1.9542,1.9578,1.9651,1.9426,14790000.0,-0.41,25,12,3,2022
2022-03-24,1.9622,1.9441,1.9672,1.9374,18120000.0,1.29,24,12,3,2022
2022-03-23,1.9373,1.9209,1.9488,1.9156,15331000.0,0.82,23,12,3,2022
2022-03-22,1.9215,1.9361,1.9395,1.9098,15328000.0,-0.41,22,12,3,2022
2022-03-21,1.9295,1.9224,1.9418,1.9172,14641000.0,0.01,21,12,3,2022
2022-03-18,1.9293,1.9439,1.9462,1.918,15088000.0,-0.72,18,11,3,2022
2022-03-17,1.9432,1.9284,1.951,1.924,14983000.0,1.78,17,11,3,2022
2022-03-16,1.9092,1.9201,1.9301,1.8952,19546000.0,-1.06,16,11,3,2022
2022-03-15,1.9297,1.9537,1.9569,1.9081,22037000.0,-1.59,15,11,3,2022
2022-03-14,1.9608,1.9887,1.9948,1.952,16220000.0,-1.22,14,11,3,2022
2022-11-03,1.985,2.0003,2.004,1.9606,26209000.0,-0.77,3,44,11,2022
2022-10-03,2.0004,1.9928,2.0151,1.975,30327000.0,0.61,3,40,10,2022
2022-09-03,1.9882,2.0602,2.0685,1.981,36035000.0,-2.7,3,35,9,2022
2022-08-03,2.0433,2.001,2.0788,1.9858,44765000.0,2.37,3,31,8,2022
2022-07-03,1.9959,1.9785,2.0075,1.9642,37219000.0,1.49,3,26,7,2022
2022-04-03,1.9666,1.9385,1.9749,1.9315,24153000.0,1.59,3,13,4,2022
2022-03-03,1.9359,1.9317,1.9446,1.9231,18021000.0,0.71,3,9,3,2022
2022-02-03,1.9223,1.9453,1.9514,1.916,22798000.0,-1.11,3,5,2,2022
2022-01-03,1.9438,1.9084,1.9526,1.903,22400000.0,2.27,3,1,1,2022
2022-02-28,1.9007,1.921,1.9352,1.8922,24927000.0,0.69,28,9,2,2022
2022-02-25,1.8876,1.9065,1.925,1.8844,22978000.0,-2.01,25,8,2,2022
2022-02-24,1.9263,1.9119,1.9765,1.8786,42305000.0,0.83,24,8,2,2022
2022-02-23,1.9104,1.9012,1.9129,1.8911,15484000.0,0.16,23,8,2,2022
2022-02-22,1.9074,1.9035,1.9183,1.8897,33459000.0,0.0,22,8,2,2022
2022-02-21,1.9074,1.9035,1.9183,1.8897,33459000.0,0.4,21,8,2,2022
2022-02-18,1.8998,1.9014,1.905,1.888,16175000.0,-0.12,18,7,2,2022
2022-02-17,1.902,1.872,1.904,1.8697,26855000.0,1.63,17,7,2,2022
2022-02-16,1.8715,1.8555,1.8746,1.8518,14149000.0,0.82,16,7,2,2022
2022-02-15,1.8562,1.8738,1.8816,1.8454,21488000.0,-0.71,15,7,2,2022
2022-02-14,1.8694,1.8622,1.8765,1.8519,23102000.0,1.48,14,7,2,2022
2022-11-02,1.8421,1.827,1.8674,1.8211,23909000.0,0.26,2,44,11,2022
2022-10-02,1.8374,1.834,1.8433,1.8218,22746000.0,0.04,2,39,10,2022
2022-09-02,1.8366,1.827,1.8371,1.8255,13672000.0,0.48,2,35,9,2022
2022-08-02,1.8279,1.8215,1.8299,1.816,14241000.0,0.33,2,31,8,2022
2022-07-02,1.8218,1.808,1.8246,1.8075,13981000.0,0.77,2,26,7,2022
2022-04-02,1.8078,1.8054,1.8158,1.7921,17771000.0,0.21,2,13,4,2022
2022-03-02,1.8041,1.8074,1.8095,1.7885,17372000.0,-0.34,2,9,3,2022
2022-02-02,1.8103,1.8008,1.812,1.7946,12302000.0,0.49,2,5,2,2022
2022-01-02,1.8015,1.7989,1.8097,1.7962,12888000.0,0.28,2,52,1,2022
2022-01-31,1.7964,1.7928,1.8009,1.7858,13942000.0,0.55,31,5,1,2022
2022-01-28,1.7866,1.7996,1.8003,1.7806,21715000.0,-0.36,28,4,1,2022
2022-01-27,1.7931,1.819,1.8214,1.7906,19604000.0,-2.0,27,4,1,2022
2022-01-26,1.8297,1.848,1.8502,1.8141,27003000.0,-1.23,26,4,1,2022
2022-01-25,1.8525,1.8436,1.8542,1.8344,19780000.0,0.59,25,4,1,2022
2022-01-24,1.8417,1.8352,1.8449,1.8293,24433000.0,0.54,24,4,1,2022
2022-01-21,1.8318,1.8406,1.8437,1.8284,22525000.0,-0.59,21,3,1,2022
2022-01-20,1.8426,1.8401,1.8485,1.8362,23386000.0,-0.03,20,3,1,2022
2022-01-19,1.8432,1.8129,1.8439,1.809,31849000.0,1.6,19,3,1,2022
2022-01-18,1.8141,1.8187,1.8242,1.8069,34000.0,0.09,18,3,1,2022
2022-01-17,1.8124,1.8187,1.8229,1.8047,36294000.0,-0.23,17,3,1,2022
2022-01-14,1.8165,1.8221,1.8293,1.8142,17494000.0,-0.27,14,2,1,2022
2022-01-13,1.8214,1.8257,1.8283,1.8118,21552000.0,-0.32,13,2,1,2022
2022-12-01,1.8273,1.8213,1.8282,1.8144,19298000.0,0.48,1,48,12,2022
2022-11-01,1.8185,1.8013,1.8231,1.7997,18415000.0,1.1,1,44,11,2022
2022-10-01,1.7988,1.7964,1.802,1.7893,17304000.0,0.08,1,39,10,2022
2022-07-01,1.7974,1.791,1.7984,1.7813,23893000.0,0.46,1,26,7,2022
2022-06-01,1.7892,1.8106,1.8116,1.7854,23864000.0,-1.97,1,22,6,2022
2022-05-01,1.8251,1.8152,1.8307,1.8082,17334000.0,0.58,1,17,5,2022
2022-04-01,1.8146,1.8011,1.8172,1.7981,16771000.0,0.81,1,13,4,2022
2022-03-01,1.8001,1.8301,1.833,1.7982,16831000.0,-1.56,1,9,3,2022
2021-12-31,1.8286,1.817,1.8314,1.8154,10660000.0,0.8,31,52,12,2021
2021-12-30,1.8141,1.8056,1.8181,1.7962,11343000.0,0.46,30,52,12,2021
2021-12-29,1.8058,1.8066,1.808,1.7891,13869000.0,-0.28,29,52,12,2021
2021-12-28,1.8109,1.8121,1.8216,1.8055,10054000.0,0.12,28,52,12,2021
2021-12-27,1.8088,1.8102,1.8146,1.8036,8423000.0,-0.16,27,52,12,2021
2021-12-23,1.8117,1.8056,1.812,1.799,10484000.0,0.53,23,51,12,2021
2021-12-22,1.8022,1.7894,1.8063,1.7858,11041000.0,0.75,22,51,12,2021
2021-12-21,1.7887,1.7914,1.8017,1.785,13415000.0,-0.33,21,51,12,2021
2021-12-20,1.7946,1.8002,1.8046,1.789,10539000.0,-0.57,20,51,12,2021
2021-12-17,1.8049,1.8015,1.8157,1.7965,15661000.0,0.37,17,50,12,2021
2021-12-16,1.7982,1.7779,1.8007,1.7757,16778000.0,1.91,16,50,12,2021
2021-12-15,1.7645,1.7719,1.7813,1.753,16110000.0,-0.44,15,50,12,2021
2021-12-14,1.7723,1.7876,1.7898,1.7661,15325000.0,-0.89,14,50,12,2021
2021-12-13,1.7883,1.7842,1.7928,1.7822,10606000.0,0.2,13,50,12,2021
2021-10-12,1.7848,1.7763,1.791,1.7704,14200000.0,0.46,12,41,10,2021
2021-09-12,1.7767,1.7843,1.7884,1.7733,12397000.0,-0.49,12,36,9,2021
2021-08-12,1.7855,1.7851,1.7943,1.7801,10969000.0,0.04,12,32,8,2021
2021-07-12,1.7847,1.7795,1.7893,1.7724,12989000.0,0.29,12,28,7,2021
2021-06-12,1.7795,1.7877,1.789,1.7764,10448000.0,-0.25,12,23,6,2021
2021-03-12,1.7839,1.7694,1.788,1.766,17518000.0,1.2,12,10,3,2021
2021-02-12,1.7627,1.7838,1.7852,1.7622,17272000.0,-1.21,12,6,2,2021
2021-01-12,1.7843,1.7774,1.7957,1.7737,18034000.0,0.44,12,2,1,2021
2021-11-30,1.7765,1.7869,1.8114,1.7712,24286000.0,-0.49,30,48,11,2021
2021-11-29,1.7852,1.7952,1.8015,1.782,15137000.0,-0.1,29,48,11,2021
2021-11-26,1.7869,1.7884,1.8177,1.7805,297000.0,-0.07,26,47,11,2021
2021-11-25,1.7881,1.7923,1.8193,1.7816,18064000.0,0.21,25,47,11,2021
2021-11-24,1.7843,1.7898,1.7962,1.7774,20324000.0,0.03,24,47,11,2021
2021-11-23,1.7838,1.8071,1.8125,1.7817,31135000.0,-1.25,23,47,11,2021
2021-11-22,1.8063,1.8483,1.8504,1.8024,35286000.0,-2.45,22,47,11,2021
2021-11-19,1.8516,1.8608,1.8681,1.8442,23408000.0,-0.53,19,46,11,2021
2021-11-18,1.8614,1.8695,1.8733,1.8566,18606000.0,-0.47,18,46,11,2021
2021-11-17,1.8702,1.8516,1.8706,1.8511,17242000.0,0.87,17,46,11,2021
2021-11-16,1.8541,1.8649,1.8795,1.851,22043000.0,-0.67,16,46,11,2021
2021-11-15,1.8666,1.8726,1.873,1.8585,22121000.0,-0.1,15,46,11,2021
2021-12-11,1.8685,1.8643,1.8714,1.8475,20136000.0,0.25,11,49,12,2021
2021-11-11,1.8639,1.8515,1.8687,1.8451,20531000.0,0.84,11,45,11,2021
2021-10-11,1.8483,1.8345,1.8706,1.823,35279000.0,0.96,11,41,10,2021
2021-09-11,1.8308,1.8269,1.8348,1.821,22441000.0,0.15,11,36,9,2021
2021-08-11,1.828,1.8206,1.8283,1.8138,20041000.0,0.62,11,32,8,2021
2021-05-11,1.8168,1.7926,1.8201,1.7853,29962000.0,1.3,11,19,5,2021
2021-04-11,1.7935,1.7699,1.8003,1.7693,22261000.0,1.68,11,14,4,2021
2021-03-11,1.7639,1.7892,1.7893,1.7585,25743000.0,-1.43,11,10,3,2021
2021-02-11,1.7894,1.7948,1.7978,1.7874,14579000.0,-0.36,11,6,2,2021
2021-01-11,1.7958,1.7853,1.7975,1.7802,14333000.0,0.67,11,2,1,2021
2021-10-29,1.7839,1.8015,1.8029,1.7724,25451000.0,-1.04,29,43,10,2021
2021-10-28,1.8026,1.7987,1.8127,1.7931,22088000.0,0.21,28,43,10,2021
2021-10-27,1.7988,1.795,1.801,1.7843,18280000.0,0.3,27,43,10,2021
2021-10-26,1.7934,1.8087,1.8098,1.783,19793000.0,-0.74,26,43,10,2021
2021-10-25,1.8068,1.7942,1.8115,1.793,15359000.0,0.58,25,43,10,2021
2021-10-22,1.7963,1.7837,1.8155,1.7834,31281000.0,0.81,22,42,10,2021
2021-10-21,1.7819,1.7825,1.7903,1.7768,13873000.0,-0.17,21,42,10,2021
2021-10-20,1.7849,1.7694,1.7896,1.7671,17408000.0,0.81,20,42,10,2021
2021-10-19,1.7705,1.7648,1.786,1.7634,16697000.0,0.27,19,42,10,2021
2021-10-18,1.7657,1.7675,1.7725,1.7603,15274000.0,-0.15,18,42,10,2021
2021-10-15,1.7683,1.7973,1.7977,1.7651,20263000.0,-1.65,15,41,10,2021
2021-10-14,1.7979,1.7936,1.8019,1.7876,16465000.0,0.18,14,41,10,2021
2021-10-13,1.7947,1.7604,1.7974,1.7579,29904000.0,2.01,13,41,10,2021
2021-12-10,1.7593,1.7536,1.77,1.7505,16811000.0,0.21,10,49,12,2021
2021-11-10,1.7557,1.7574,1.7611,1.7499,11477000.0,-0.1,10,45,11,2021
2021-08-10,1.7574,1.757,1.7824,1.7536,24037000.0,-0.1,10,32,8,2021
2021-07-10,1.7592,1.7638,1.7677,1.752,14641000.0,-0.15,10,27,7,2021
2021-06-10,1.7618,1.7605,1.7659,1.7454,15922000.0,0.05,10,23,6,2021
2021-05-10,1.7609,1.7708,1.7711,1.7486,15142000.0,-0.38,10,19,5,2021
2021-04-10,1.7676,1.7626,1.7715,1.7477,16618000.0,0.52,10,14,4,2021
2021-01-10,1.7584,1.7572,1.7652,1.7499,15120000.0,0.08,10,1,1,2021
2021-09-30,1.757,1.726,1.765,1.7218,24637000.0,1.98,30,39,9,2021
2021-09-29,1.7229,1.734,1.746,1.7211,17739000.0,-0.84,29,39,9,2021
2021-09-28,1.7375,1.75,1.7543,1.7278,21584000.0,-0.83,28,39,9,2021
2021-09-27,1.752,1.7518,1.7609,1.7447,13757000.0,0.02,27,39,9,2021
2021-09-24,1.7517,1.7437,1.758,1.7402,15155000.0,0.11,24,38,9,2021
2021-09-23,1.7498,1.7692,1.7771,1.7375,22546000.0,-1.63,23,38,9,2021
2021-09-22,1.7788,1.775,1.7884,1.7646,17235000.0,0.03,22,38,9,2021
2021-09-21,1.7782,1.7655,1.7828,1.7583,14162000.0,0.82,21,38,9,2021
2021-09-20,1.7638,1.7542,1.7684,1.7423,15245000.0,0.71,20,38,9,2021
2021-09-17,1.7514,1.7546,1.7678,1.7471,18325000.0,-0.3,17,37,9,2021
2021-09-16,1.7567,1.7955,1.7973,1.7455,25527000.0,-2.12,16,37,9,2021
2021-09-15,1.7948,1.8066,1.8085,1.7917,13930000.0,-0.68,15,37,9,2021
2021-09-14,1.8071,1.7948,1.8106,1.7806,19795000.0,0.71,14,37,9,2021
2021-09-13,1.7944,1.7898,1.8002,1.7844,11431000.0,0.13,13,37,9,2021
2021-10-09,1.7921,1.7962,1.806,1.7882,13625000.0,-0.44,9,40,10,2021
2021-09-09,1.8,1.7909,1.8034,1.7851,15413000.0,0.36,9,36,9,2021
2021-08-09,1.7935,1.7961,1.8044,1.7831,16126000.0,-0.22,9,32,8,2021
2021-07-09,1.7974,1.824,1.8244,1.7928,2000.0,-0.06,9,27,7,2021
2021-06-09,1.7985,1.8335,1.8335,1.7937,25248000.0,-1.92,9,23,6,2021
2021-03-09,1.8337,1.8115,1.8369,1.8109,18498000.0,1.23,9,10,3,2021
2021-02-09,1.8115,1.8162,1.8196,1.8065,11303000.0,-0.25,9,6,2,2021
2021-01-09,1.816,1.8167,1.8227,1.8106,14012000.0,-0.12,9,1,1,2021
2021-08-31,1.8181,1.8122,1.8219,1.8034,17039000.0,0.33,31,35,8,2021
2021-08-30,1.8122,1.8216,1.8265,1.81,10488000.0,-0.4,30,35,8,2021
2021-08-27,1.8195,1.7952,1.8219,1.7852,20364000.0,1.35,27,34,8,2021
2021-08-26,1.7952,1.793,1.8004,1.7813,13453000.0,0.23,26,34,8,2021
2021-08-25,1.791,1.8051,1.8053,1.784,16346000.0,-0.97,25,34,8,2021
2021-08-24,1.8085,1.8076,1.8122,1.8026,11479000.0,0.12,24,34,8,2021
2021-08-23,1.8063,1.7812,1.8091,1.778,15632000.0,1.25,23,34,8,2021
2021-08-20,1.784,1.7828,1.791,1.78,10797000.0,0.05,20,33,8,2021
2021-08-19,1.7831,1.7895,1.795,1.7746,15125000.0,-0.07,19,33,8,2021
2021-08-18,1.7844,1.7878,1.7957,1.7788,13273000.0,-0.19,18,33,8,2021
2021-08-17,1.7878,1.7891,1.7976,1.7821,14482000.0,-0.11,17,33,8,2021
2021-08-16,1.7898,1.7807,1.7913,1.772,13770000.0,0.65,16,33,8,2021
2021-08-13,1.7782,1.7544,1.7819,1.753,14481000.0,1.51,13,32,8,2021
2021-12-08,1.7518,1.7529,1.7596,1.7426,13712000.0,-0.09,8,49,12,2021
2021-11-08,1.7533,1.7304,1.7567,1.7246,18544000.0,1.25,8,45,11,2021
2021-10-08,1.7317,1.732,1.7394,1.7185,18256000.0,0.3,8,40,10,2021
2021-09-08,1.7265,1.765,1.7657,1.6779,28954000.0,-2.08,8,36,9,2021
2021-06-08,1.7631,1.8067,1.807,1.7595,32315000.0,-2.53,8,23,6,2021
2021-05-08,1.8089,1.8149,1.8179,1.7997,16984000.0,-0.31,8,18,5,2021
2021-04-08,1.8145,1.8137,1.8359,1.8083,24468000.0,0.02,8,14,4,2021
2021-03-08,1.8141,1.8168,1.8182,1.8095,10345000.0,-0.44,8,10,3,2021
2021-02-08,1.8222,1.817,1.8232,1.8082,15976000.0,0.28,8,6,2,2021
2021-07-30,1.8172,1.8325,1.8355,1.8131,15714000.0,-1.01,30,30,7,2021
2021-07-29,1.8358,1.8115,1.8375,1.8109,21207000.0,2.01,29,30,7,2021
2021-07-28,1.7997,1.7986,1.809,1.7907,20978000.0,-0.01,28,30,7,2021
2021-07-27,1.7998,1.7971,1.8054,1.7928,17704000.0,0.03,27,30,7,2021
2021-07-26,1.7992,1.8023,1.812,1.796,20455000.0,-0.14,26,30,7,2021
2021-07-23,1.8018,1.8077,1.8107,1.7891,23676000.0,-0.2,23,29,7,2021
2021-07-22,1.8054,1.8039,1.8084,1.7919,19332000.0,0.11,22,29,7,2021
2021-07-21,1.8034,1.8106,1.8144,1.7943,21864000.0,-0.44,21,29,7,2021
2021-07-20,1.8114,1.8135,1.8259,1.8052,22114000.0,0.12,20,29,7,2021
2021-07-19,1.8092,1.8116,1.818,1.795,24968000.0,-0.32,19,29,7,2021
2021-07-16,1.815,1.8307,1.8327,1.8095,18466000.0,-0.77,16,28,7,2021
2021-07-15,1.829,1.8287,1.835,1.8206,17561000.0,0.22,15,28,7,2021
2021-07-14,1.825,1.8083,1.8311,1.8049,22988000.0,0.83,14,28,7,2021
2021-07-13,1.8099,1.8067,1.818,1.7987,24218000.0,0.22,13,28,7,2021
2021-12-07,1.8059,1.8085,1.811,1.791,20142000.0,-0.26,7,49,12,2021
2021-09-07,1.8106,1.8032,1.813,1.7966,18558000.0,0.58,7,36,9,2021
2021-08-07,1.8002,1.8038,1.8195,1.7935,24934000.0,-0.11,7,31,8,2021
2021-07-07,1.8021,1.797,1.8102,1.7941,17108000.0,0.4,7,27,7,2021
2021-06-07,1.795,1.7907,1.8148,1.7901,26000.0,0.04,7,23,6,2021
2021-05-07,1.7942,1.7875,1.8157,1.7847,27660000.0,0.61,7,18,5,2021
2021-02-07,1.7833,1.7775,1.7959,1.7744,20586000.0,0.37,7,5,2,2021
2021-01-07,1.7768,1.7708,1.7834,1.7659,17144000.0,0.29,7,1,1,2021
2021-06-30,1.7716,1.7619,1.7747,1.7532,17789000.0,0.45,30,26,6,2021
2021-06-29,1.7636,1.7788,1.7792,1.7501,23991000.0,-0.96,29,26,6,2021
2021-06-28,1.7807,1.782,1.7861,1.7704,16079000.0,0.16,28,26,6,2021
2021-06-25,1.7778,1.7757,1.791,1.7736,16120000.0,0.06,25,25,6,2021
2021-06-24,1.7767,1.7782,1.7886,1.7727,15223000.0,-0.38,24,25,6,2021
2021-06-23,1.7834,1.7791,1.7956,1.7731,17927000.0,0.34,23,25,6,2021
2021-06-22,1.7774,1.7832,1.7901,1.7712,17275000.0,-0.31,22,25,6,2021
2021-06-21,1.7829,1.7643,1.7869,1.7641,19552000.0,0.79,21,25,6,2021
2021-06-18,1.769,1.7739,1.7979,1.7612,26461000.0,-0.33,18,24,6,2021
2021-06-17,1.7748,1.8123,1.8264,1.7679,38589000.0,-4.65,17,24,6,2021
2021-06-16,1.8614,1.861,1.866,1.8044,23410000.0,0.27,16,24,6,2021
2021-06-15,1.8564,1.8678,1.8709,1.853,15534000.0,-0.51,15,24,6,2021
2021-06-14,1.8659,1.8796,1.8797,1.8457,24230000.0,-0.73,14,24,6,2021
2021-11-06,1.8796,1.9019,1.9062,1.8761,22046000.0,-0.89,6,44,11,2021
2021-10-06,1.8964,1.8914,1.903,1.8718,25055000.0,0.05,6,40,10,2021
2021-09-06,1.8955,1.8944,1.9017,1.8893,14733000.0,0.06,6,36,9,2021
2021-08-06,1.8944,1.9016,1.9069,1.8857,17360000.0,-0.23,6,31,8,2021
2021-07-06,1.8988,1.8943,1.9029,1.8837,14602000.0,0.36,6,27,7,2021
2021-04-06,1.892,1.8727,1.899,1.8556,22883000.0,1.0,6,14,4,2021
2021-03-06,1.8733,1.9105,1.9123,1.8667,27858000.0,-1.92,6,9,3,2021
2021-02-06,1.9099,1.903,1.9118,1.8964,16604000.0,0.26,6,5,2,2021
2021-01-06,1.905,1.9068,1.9192,1.8945,29065000.0,0.0,6,1,1,2021
2021-05-31,1.905,1.9068,1.9192,1.8945,29065000.0,-0.02,31,22,5,2021
2021-05-28,1.9053,1.8998,1.9088,1.8843,19814000.0,0.51,28,21,5,2021
2021-05-27,1.8957,1.8968,1.9039,1.8882,3579000.0,-0.29,27,21,5,2021
2021-05-26,1.9012,1.9,1.9133,1.8907,17053000.0,0.17,26,21,5,2021
2021-05-25,1.898,1.8812,1.9012,1.8732,31667000.0,0.72,25,21,5,2021
2021-05-24,1.8845,1.8835,1.8879,1.8757,18331000.0,0.42,24,21,5,2021
2021-05-21,1.8767,1.8781,1.8903,1.8703,23429000.0,-0.28,21,20,5,2021
2021-05-20,1.8819,1.8699,1.8853,1.8642,22357000.0,0.02,20,20,5,2021
2021-05-19,1.8815,1.8702,1.8913,1.8522,39821000.0,0.72,19,20,5,2021
2021-05-18,1.868,1.8673,1.8759,1.8635,22902000.0,0.02,18,20,5,2021
2021-05-17,1.8676,1.8459,1.8693,1.8411,26771000.0,1.6,17,20,5,2021
2021-05-14,1.8381,1.8264,1.8471,1.819,22438000.0,0.77,14,19,5,2021
2021-05-13,1.824,1.8162,1.8291,1.8084,24993000.0,0.07,13,19,5,2021
2021-12-05,1.8228,1.8382,1.8447,1.813,33921000.0,-0.72,5,48,12,2021
2021-11-05,1.8361,1.8362,1.8425,1.8178,31110000.0,-0.08,5,44,11,2021
2021-10-05,1.8376,1.8354,1.8463,1.8305,26971000.0,0.34,5,40,10,2021
2021-07-05,1.8313,1.8154,1.8446,1.8134,36770000.0,0.86,5,27,7,2021
2021-06-05,1.8157,1.787,1.8186,1.7818,28763000.0,1.76,5,22,6,2021
2021-05-05,1.7843,1.7784,1.7881,1.7693,17881000.0,0.47,5,18,5,2021
2021-04-05,1.776,1.7932,1.7995,1.7692,24659000.0,-0.88,5,14,4,2021
2021-03-05,1.7918,1.7681,1.7989,1.7656,20454000.0,1.36,5,9,3,2021
2021-04-30,1.7677,1.7724,1.7733,1.7633,16729000.0,-0.03,30,17,4,2021
2021-04-29,1.7683,1.7819,1.7899,1.7546,23152000.0,-0.32,29,17,4,2021
2021-04-28,1.7739,1.7764,1.7827,1.7618,19858000.0,-0.28,28,17,4,2021
2021-04-27,1.7788,1.7811,1.7859,1.7739,14795000.0,-0.07,27,17,4,2021
2021-04-26,1.7801,1.7761,1.7831,1.7682,14336000.0,0.13,26,17,4,2021
2021-04-23,1.7778,1.784,1.7963,1.7695,17585000.0,-0.24,23,16,4,2021
2021-04-22,1.782,1.7945,1.7981,1.7771,16375000.0,-0.62,22,16,4,2021
2021-04-21,1.7931,1.7791,1.7984,1.7766,17397000.0,0.83,21,16,4,2021
2021-04-20,1.7784,1.7705,1.7808,1.7635,16904000.0,0.44,20,16,4,2021
2021-04-19,1.7706,1.7788,1.7904,1.7666,18073000.0,-0.54,19,16,4,2021
2021-04-16,1.7802,1.7648,1.7847,1.7603,17350000.0,0.76,16,15,4,2021
2021-04-15,1.7668,1.7366,1.7706,1.7344,19814000.0,1.76,15,15,4,2021
2021-04-14,1.7363,1.7464,1.7507,1.7323,14526000.0,-0.65,14,15,4,2021
2021-04-13,1.7476,1.7322,1.7495,1.7232,17559000.0,0.86,13,15,4,2021
2021-12-04,1.7327,1.7445,1.7462,1.727,12536000.0,-0.69,4,48,12,2021
2021-09-04,1.7448,1.7565,1.7582,1.7308,17140000.0,-0.76,4,35,9,2021
2021-08-04,1.7582,1.7386,1.7594,1.7336,14457000.0,0.95,4,31,8,2021
2021-07-04,1.7416,1.7444,1.7454,1.7312,12280000.0,-0.08,4,26,7,2021
2021-06-04,1.743,1.7292,1.7467,1.7282,15260000.0,0.82,4,22,6,2021
2021-05-04,1.7288,1.73,1.7344,1.7216,10175000.0,0.02,4,18,5,2021
2021-01-04,1.7284,1.709,1.732,1.7064,17043000.0,0.75,4,1,1,2021
2021-03-31,1.7156,1.6859,1.7163,1.6773,21077000.0,1.76,31,13,3,2021
2021-03-30,1.686,1.713,1.7148,1.6783,22587000.0,-1.53,30,13,3,2021
2021-03-29,1.7122,1.7315,1.7326,1.7033,13546000.0,-1.16,29,13,3,2021
2021-03-26,1.7323,1.7255,1.7355,1.7188,17294000.0,0.42,26,12,3,2021
2021-03-25,1.7251,1.7332,1.7448,1.7203,22621000.0,-0.47,25,12,3,2021
2021-03-24,1.7332,1.7259,1.7377,1.7223,18652000.0,0.47,24,12,3,2021
2021-03-23,1.7251,1.7385,1.742,1.7227,22620000.0,-0.75,23,12,3,2021
2021-03-22,1.7381,1.7456,1.747,1.7264,19631000.0,-0.21,22,12,3,2021
2021-03-19,1.7417,1.7337,1.7461,1.7271,21328000.0,0.53,19,11,3,2021
2021-03-18,1.7325,1.744,1.7542,1.7166,25176000.0,0.31,18,11,3,2021
2021-03-17,1.7271,1.73,1.7506,1.722,22055000.0,-0.22,17,11,3,2021
2021-03-16,1.7309,1.7307,1.7405,1.7244,17389000.0,0.1,16,11,3,2021
2021-03-15,1.7292,1.7265,1.7332,1.7192,16305000.0,0.55,15,11,3,2021
2021-12-03,1.7198,1.7205,1.728,1.6966,23221000.0,-0.16,3,48,12,2021
2021-11-03,1.7226,1.725,1.738,1.7168,21534000.0,0.05,3,44,11,2021
2021-10-03,1.7218,1.7145,1.7253,1.7056,22689000.0,0.29,3,39,10,2021
2021-09-03,1.7169,1.6793,1.7187,1.6767,24895000.0,2.32,3,35,9,2021
2021-08-03,1.678,1.7016,1.712,1.6733,27391000.0,-1.21,3,31,8,2021
2021-05-03,1.6985,1.6953,1.7057,1.683,26933000.0,-0.13,3,18,5,2021
2021-04-03,1.7007,1.7084,1.7216,1.6876,27745000.0,-0.88,3,13,4,2021
2021-03-03,1.7158,1.7365,1.7391,1.6994,25565000.0,-1.03,3,9,3,2021
2021-02-03,1.7336,1.7228,1.7378,1.7046,23596000.0,0.62,3,5,2,2021
2021-01-03,1.723,1.7328,1.7574,1.7172,24192000.0,-0.34,3,53,1,2021
2021-02-26,1.7288,1.7709,1.7738,1.7149,36255000.0,-2.62,26,8,2,2021
2021-02-25,1.7754,1.8049,1.805,1.7639,31625000.0,-1.25,25,8,2,2021
2021-02-24,1.7979,1.805,1.813,1.7822,22406000.0,-0.44,24,8,2,2021
2021-02-23,1.8059,1.8093,1.8152,1.7945,19115000.0,-0.14,23,8,2,2021
2021-02-22,1.8084,1.782,1.8124,1.7786,22120000.0,1.74,22,8,2,2021
2021-02-19,1.7774,1.7746,1.7909,1.759,25178000.0,0.14,19,7,2,2021
2021-02-18,1.775,1.776,1.7888,1.7666,22477000.0,0.12,18,7,2,2021
2021-02-17,1.7728,1.7931,1.7942,1.7679,25734000.0,-1.46,17,7,2,2021
2021-02-16,1.799,1.826,1.8271,1.7881,35592000.0,0.0,16,7,2,2021
2021-02-15,1.799,1.826,1.8271,1.7881,35592000.0,-1.33,15,7,2,2021
2021-12-02,1.8232,1.8254,1.8315,1.8101,17190000.0,-0.2,2,48,12,2021
2021-11-02,1.8268,1.8443,1.8486,1.8217,14702000.0,-0.86,2,44,11,2021
2021-10-02,1.8427,1.8383,1.8566,1.834,17644000.0,0.28,2,39,10,2021
2021-09-02,1.8375,1.8324,1.8495,1.8303,15439000.0,0.18,2,35,9,2021
2021-08-02,1.8342,1.8181,1.8406,1.8073,17756000.0,1.17,2,31,8,2021
2021-05-02,1.813,1.7943,1.816,1.7922,20576000.0,1.22,2,17,5,2021
2021-04-02,1.7912,1.8345,1.8357,1.7846,27962000.0,-2.39,2,13,4,2021
2021-03-02,1.8351,1.8385,1.8459,1.8301,13723000.0,0.09,2,9,3,2021
2021-02-02,1.8334,1.8636,1.8663,1.8304,23600000.0,-1.64,2,5,2,2021
2021-01-02,1.8639,1.865,1.876,1.8517,24205000.0,0.74,2,53,1,2021
2021-01-29,1.8503,1.8456,1.8789,1.8412,27617000.0,0.49,29,4,1,2021
2021-01-28,1.8412,1.8472,1.867,1.8356,27759000.0,-0.2,28,4,1,2021
2021-01-27,1.8449,1.8497,1.8515,1.8284,19554000.0,-0.32,27,4,1,2021
2021-01-26,1.8509,1.8549,1.8608,1.8472,17026000.0,-0.23,26,4,1,2021
2021-01-25,1.8552,1.8553,1.8674,1.8462,21198000.0,-0.05,25,4,1,2021
2021-01-22,1.8562,1.8701,1.8708,1.8363,24972000.0,-0.52,22,3,1,2021
2021-01-21,1.8659,1.871,1.8746,1.8575,19694000.0,-0.03,21,3,1,2021
2021-01-20,1.8665,1.8399,1.872,1.8311,27440000.0,1.33,20,3,1,2021
2021-01-19,1.842,1.8306,1.846,1.8042,40000.0,0.1,19,3,1,2021
2021-01-18,1.8402,1.8288,1.845,1.8008,33159000.0,0.56,18,3,1,2021
2021-01-15,1.8299,1.8473,1.8566,1.8221,23111000.0,-1.16,15,2,1,2021
2021-01-14,1.8514,1.8456,1.8576,1.8266,25766000.0,-0.19,14,2,1,2021
2021-01-13,1.8549,1.855,1.863,1.8416,22599000.0,0.58,13,2,1,2021
2021-12-01,1.8442,1.8454,1.864,1.8358,24066000.0,-0.36,1,48,12,2021
2021-11-01,1.8508,1.8494,1.856,1.8171,26836000.0,0.84,1,44,11,2021
2021-08-01,1.8354,1.9152,1.9184,1.8278,44351000.0,-4.09,1,30,8,2021
2021-07-01,1.9136,1.9215,1.9296,1.9075,19998000.0,0.26,1,26,7,2021
2021-06-01,1.9086,1.9528,1.9625,1.9026,36661000.0,-2.34,1,22,6,2021
2021-05-01,1.9544,1.946,1.957,1.9384,20195000.0,0.4,1,17,5,2021
2021-04-01,1.9466,1.9082,1.9487,1.9061,27337000.0,2.72,1,13,4,2021
2020-12-31,1.8951,1.899,1.9049,1.8891,13063000.0,0.09,31,53,12,2020
2020-12-30,1.8934,1.8818,1.899,1.8795,13366000.0,0.56,30,53,12,2020
2020-12-29,1.8829,1.878,1.8913,1.8756,14927000.0,0.13,29,53,12,2020
2020-12-28,1.8804,1.887,1.9041,1.873,19676000.0,-0.15,28,53,12,2020
2020-12-24,1.8832,1.8773,1.8874,1.8731,8941000.0,0.27,24,52,12,2020
2020-12-23,1.8781,1.8656,1.8837,1.8609,16254000.0,0.42,23,52,12,2020
2020-12-22,1.8703,1.883,1.8894,1.8637,17602000.0,-0.66,22,52,12,2020
2020-12-21,1.8828,1.8929,1.912,1.859,23205000.0,-0.32,21,52,12,2020
2020-12-18,1.8889,1.8913,1.8957,1.8819,15323000.0,-0.08,18,51,12,2020
2020-12-17,1.8904,1.8684,1.902,1.8659,21987000.0,1.68,17,51,12,2020
2020-12-16,1.8591,1.8577,1.87,1.8482,19968000.0,0.2,16,51,12,2020
2020-12-15,1.8553,1.8305,1.8593,1.8285,17361000.0,1.27,15,51,12,2020
2020-12-14,1.8321,1.845,1.8456,1.82,16849000.0,-0.62,14,51,12,2020
2020-11-12,1.8436,1.84,1.8518,1.8268,15380000.0,0.34,12,46,11,2020
2020-10-12,1.8374,1.843,1.8542,1.8315,16480000.0,-0.06,12,42,10,2020
2020-09-12,1.8385,1.8754,1.8759,1.8282,21959000.0,-1.94,12,37,9,2020
2020-08-12,1.8749,1.8661,1.8798,1.8639,15179000.0,0.48,12,33,8,2020
2020-07-12,1.866,1.8411,1.873,1.8248,20904000.0,1.41,12,28,7,2020
2020-04-12,1.84,1.8447,1.8527,1.832,17126000.0,-0.06,12,15,4,2020
2020-03-12,1.8411,1.8339,1.8474,1.8267,18036000.0,0.6,12,11,3,2020
2020-02-12,1.8302,1.8191,1.8357,1.8105,18532000.0,0.62,12,7,2,2020
2020-01-12,1.8189,1.7803,1.8211,1.7784,20365000.0,2.13,12,2,1,2020
2020-11-30,1.7809,1.7908,1.7933,1.7672,24273000.0,-0.4,30,49,11,2020
2020-11-27,1.7881,1.8121,1.8226,1.7765,28235000.0,0.0,27,48,11,2020
2020-11-26,1.7881,1.8121,1.8226,1.7765,28235000.0,-0.96,26,48,11,2020
2020-11-25,1.8055,1.8052,1.8163,1.7986,20575000.0,0.05,25,48,11,2020
2020-11-24,1.8046,1.8357,1.8369,1.7971,36788000.0,-1.81,24,48,11,2020
2020-11-23,1.8378,1.8698,1.875,1.828,31966000.0,-1.85,23,48,11,2020
2020-11-20,1.8724,1.8648,1.8792,1.8591,18617000.0,0.59,20,47,11,2020
2020-11-19,1.8615,1.872,1.8726,1.85,22235000.0,-0.66,19,47,11,2020
2020-11-18,1.8739,1.8795,1.8842,1.8603,20900000.0,-0.59,18,47,11,2020
2020-11-17,1.8851,1.8882,1.8927,1.8763,16088000.0,-0.14,17,47,11,2020
2020-11-16,1.8878,1.8866,1.898,1.8615,22294000.0,0.08,16,47,11,2020
2020-11-13,1.8862,1.8756,1.8958,1.8721,16254000.0,0.69,13,46,11,2020
2020-12-11,1.8733,1.8639,1.883,1.8607,20993000.0,0.63,11,50,12,2020
2020-11-11,1.8616,1.8761,1.8825,1.8539,21517000.0,-0.79,11,46,11,2020
2020-10-11,1.8764,1.8641,1.8889,1.8589,26487000.0,1.19,11,41,10,2020
2020-09-11,1.8544,1.956,1.9661,1.848,49609000.0,-4.99,11,37,9,2020
2020-06-11,1.9517,1.95,1.9618,1.9372,24678000.0,0.25,11,24,6,2020
2020-05-11,1.9468,1.9034,1.9543,1.9022,29751000.0,2.67,11,20,5,2020
2020-04-11,1.8962,1.9103,1.9179,1.8818,29395000.0,-0.74,11,15,4,2020
2020-03-11,1.9104,1.8964,1.9122,1.8876,17137000.0,0.95,11,11,3,2020
2020-02-11,1.8925,1.877,1.8971,1.8733,16494000.0,0.67,11,7,2,2020
2020-10-30,1.8799,1.8679,1.8909,1.8633,21317000.0,0.64,30,44,10,2020
2020-10-29,1.868,1.8775,1.8851,1.8592,22516000.0,-0.6,29,44,10,2020
2020-10-28,1.8792,1.9098,1.9126,1.8691,29709000.0,-1.71,28,44,10,2020
2020-10-27,1.9119,1.9044,1.9138,1.8987,15330000.0,0.33,27,44,10,2020
2020-10-26,1.9057,1.906,1.9111,1.8925,16631000.0,0.03,26,44,10,2020
2020-10-23,1.9052,1.9065,1.9173,1.8952,17296000.0,0.03,23,43,10,2020
2020-10-22,1.9046,1.9274,1.9294,1.8942,21558000.0,-1.29,22,43,10,2020
2020-10-21,1.9295,1.9116,1.936,1.9116,20127000.0,0.74,21,43,10,2020
2020-10-20,1.9154,1.9064,1.9176,1.8966,16391000.0,0.19,20,43,10,2020
2020-10-19,1.9117,1.9032,1.9234,1.9002,15985000.0,0.28,19,43,10,2020
2020-10-16,1.9064,1.9127,1.9187,1.9011,14691000.0,-0.13,16,42,10,2020
2020-10-15,1.9089,1.906,1.9132,1.8927,21357000.0,0.08,15,42,10,2020
2020-10-14,1.9073,1.8954,1.9175,1.885,18830000.0,0.67,14,42,10,2020
2020-10-13,1.8946,1.9273,1.9306,1.8893,26754000.0,-1.78,13,42,10,2020
2020-12-10,1.9289,1.935,1.9394,1.9238,15721000.0,0.14,10,50,12,2020
2020-09-10,1.9262,1.8984,1.9368,1.898,22985000.0,1.64,10,37,9,2020
2020-08-10,1.8951,1.8906,1.9053,1.8853,18545000.0,0.23,10,33,8,2020
2020-07-10,1.8908,1.8826,1.9024,1.8771,18859000.0,-0.94,10,28,7,2020
2020-06-10,1.9088,1.9178,1.927,1.8782,21944000.0,-0.59,10,24,6,2020
2020-05-10,1.9201,1.9109,1.9249,1.8912,17759000.0,0.66,10,19,5,2020
2020-02-10,1.9076,1.911,1.9236,1.8952,21273000.0,-0.45,10,7,2,2020
2020-01-10,1.9163,1.8912,1.9179,1.89,26209000.0,1.1,10,2,1,2020
2020-09-30,1.8955,1.9032,1.9082,1.8858,25987000.0,-0.4,30,40,9,2020
2020-09-29,1.9032,1.8864,1.9048,1.8808,21780000.0,1.11,29,40,9,2020
2020-09-28,1.8823,1.8627,1.8882,1.8511,23592000.0,0.86,28,40,9,2020
2020-09-25,1.8663,1.8727,1.8793,1.8541,23086000.0,-0.56,25,39,9,2020
2020-09-24,1.8769,1.8669,1.8809,1.851,34504000.0,0.45,24,39,9,2020
2020-09-23,1.8684,1.9051,1.9099,1.856,41156000.0,-2.05,23,39,9,2020
2020-09-22,1.9076,1.9181,1.9255,1.8989,28271000.0,-0.16,22,39,9,2020
2020-09-21,1.9106,1.9573,1.9629,1.8854,38667000.0,-2.62,21,39,9,2020
2020-09-18,1.9621,1.9511,1.9682,1.9511,17607000.0,0.63,18,38,9,2020
2020-09-17,1.9499,1.9676,1.9693,1.9382,27314000.0,-1.05,17,38,9,2020
2020-09-16,1.9705,1.9614,1.9838,1.9572,29839000.0,0.22,16,38,9,2020
2020-09-15,1.9662,1.9662,1.9824,1.9556,23954000.0,0.13,15,38,9,2020
2020-09-14,1.9637,1.9489,1.9725,1.9452,20009000.0,0.81,14,38,9,2020
2020-11-09,1.9479,1.9538,1.9634,1.944,20523000.0,-0.83,9,46,11,2020
2020-10-09,1.9643,1.9553,1.9752,1.9486,27148000.0,0.48,9,41,10,2020
2020-09-09,1.9549,1.9394,1.9597,1.9263,22718000.0,0.79,9,37,9,2020
2020-08-09,1.9395,1.9374,1.9374,1.909,4000.0,-0.19,9,32,8,2020
2020-07-09,1.9432,1.938,1.9483,1.9117,41601000.0,0.46,9,28,7,2020
2020-04-09,1.9343,1.938,1.9566,1.9216,30474000.0,-0.18,9,15,4,2020
2020-03-09,1.9378,1.9489,1.9566,1.9272,30303000.0,-0.35,9,11,3,2020
2020-02-09,1.9447,1.9768,1.9804,1.9389,33259000.0,-1.73,9,6,2,2020
2020-01-09,1.9789,1.9737,2.0012,1.9692,30489000.0,0.02,9,2,1,2020
2020-08-31,1.9786,1.9739,1.9858,1.9623,24511000.0,0.19,31,36,8,2020
2020-08-28,1.9749,1.9375,1.983,1.9282,33410000.0,2.19,28,35,8,2020
2020-08-27,1.9326,1.963,1.987,1.9147,46717000.0,-1.02,27,35,8,2020
2020-08-26,1.9525,1.939,1.9634,1.9084,34221000.0,1.53,26,35,8,2020
2020-08-25,1.9231,1.9359,1.9441,1.9191,27411000.0,-0.83,25,35,8,2020
2020-08-24,1.9392,1.9479,1.9703,1.9308,28626000.0,-0.4,24,35,8,2020
2020-08-21,1.947,1.9556,1.9631,1.9166,35507000.0,0.03,21,34,8,2020
2020-08-20,1.9465,1.9344,1.9631,1.9289,38334000.0,-1.21,20,34,8,2020
2020-08-19,1.9703,2.0105,2.0156,1.9305,44326000.0,-2.13,19,34,8,2020
2020-08-18,2.0131,1.9936,2.0246,1.9852,36148000.0,0.72,18,34,8,2020
2020-08-17,1.9987,1.9564,2.0008,1.9391,28944000.0,2.51,17,34,8,2020
2020-08-14,1.9498,1.9638,1.97,1.9391,24180000.0,-1.05,14,33,8,2020
2020-08-13,1.9704,1.9273,1.9748,1.923,34989000.0,1.1,13,33,8,2020
2020-12-08,1.949,1.9216,1.961,1.8742,45984000.0,0.14,8,50,12,2020
2020-11-08,1.9463,2.0384,2.0405,1.9113,56500000.0,-4.58,8,45,11,2020
2020-10-08,2.0397,2.0448,2.0608,2.0278,25131000.0,0.58,8,41,10,2020
2020-07-08,2.028,2.0764,2.0892,2.0248,39813000.0,-2.0,8,28,7,2020
2020-06-08,2.0694,2.055,2.0818,2.049,31276000.0,0.98,8,24,6,2020
2020-05-08,2.0493,2.037,2.0703,2.0275,36638000.0,1.4,8,19,5,2020
2020-04-08,2.021,1.9935,2.0377,1.9826,27442000.0,1.75,8,15,4,2020
2020-03-08,1.9863,1.9974,2.0095,1.9752,17875000.0,0.02,8,10,3,2020
2020-07-31,1.9859,1.9736,2.0054,1.9714,27932000.0,0.97,31,31,7,2020
2020-07-30,1.9668,1.9864,1.9873,1.9523,27138000.0,0.69,30,31,7,2020
2020-07-29,1.9534,1.9506,1.9749,1.9352,20984000.0,0.45,29,31,7,2020
2020-07-28,1.9446,1.9371,1.9747,1.9002,43445000.0,0.7,28,31,7,2020
2020-07-27,1.931,1.9012,1.9419,1.899,42823000.0,1.77,27,31,7,2020
2020-07-24,1.8975,1.8849,1.9046,1.8805,30017000.0,0.4,24,30,7,2020
2020-07-23,1.89,1.8716,1.8977,1.8631,41875000.0,1.34,23,30,7,2020
2020-07-22,1.8651,1.8428,1.8718,1.8421,38223000.0,1.15,22,30,7,2020
2020-07-21,1.8439,1.8196,1.8449,1.8172,27109000.0,1.46,21,30,7,2020
2020-07-20,1.8174,1.8123,1.8234,1.8066,17774000.0,0.41,20,30,7,2020
2020-07-17,1.81,1.7969,1.8139,1.7952,16701000.0,0.54,17,29,7,2020
2020-07-16,1.8003,1.8131,1.8162,1.7941,19657000.0,-0.74,16,29,7,2020
2020-07-15,1.8138,1.8111,1.8195,1.804,18306000.0,0.02,15,29,7,2020
2020-07-14,1.8134,1.8052,1.815,1.7911,25321000.0,-0.04,14,29,7,2020
2020-07-13,1.8141,1.8034,1.8188,1.8021,23040000.0,0.68,13,29,7,2020
2020-10-07,1.8019,1.8084,1.817,1.7965,22383000.0,-0.11,7,41,10,2020
2020-09-07,1.8038,1.8188,1.8255,1.7996,28337000.0,-0.92,7,37,9,2020
2020-08-07,1.8206,1.8079,1.8298,1.8038,24750000.0,0.59,7,32,8,2020
2020-07-07,1.8099,1.7939,1.8108,1.7812,22173000.0,0.61,7,28,7,2020
2020-06-07,1.799,1.7937,1.8016,1.7886,11000.0,0.31,7,23,6,2020
2020-03-07,1.7935,1.7879,1.799,1.7792,18465000.0,0.2,7,10,3,2020
2020-02-07,1.79,1.779,1.7917,1.7663,18631000.0,0.57,7,6,2,2020
2020-01-07,1.7799,1.7989,1.8077,1.7679,26325000.0,-1.14,7,2,1,2020
2020-06-30,1.8005,1.7842,1.804,1.7748,19942000.0,1.08,30,27,6,2020
2020-06-29,1.7812,1.7892,1.7904,1.7765,13051000.0,0.05,29,27,6,2020
2020-06-26,1.7803,1.7748,1.7862,1.754,20123000.0,0.55,26,26,6,2020
2020-06-25,1.7706,1.7723,1.7796,1.7641,15220000.0,-0.25,25,26,6,2020
2020-06-24,1.7751,1.7844,1.7961,1.7706,23953000.0,-0.39,24,26,6,2020
2020-06-23,1.782,1.7649,1.7868,1.7583,19468000.0,0.88,23,26,6,2020
2020-06-22,1.7664,1.7658,1.779,1.7535,22868000.0,0.76,22,26,6,2020
2020-06-19,1.753,1.7298,1.7609,1.7283,18115000.0,1.27,19,25,6,2020
2020-06-18,1.7311,1.7355,1.7492,1.7227,15591000.0,-0.26,18,25,6,2020
2020-06-17,1.7356,1.7353,1.7393,1.7173,14007000.0,-0.05,17,25,6,2020
2020-06-16,1.7365,1.7323,1.7413,1.7218,18242000.0,0.54,16,25,6,2020
2020-06-15,1.7272,1.7407,1.7438,1.7062,20023000.0,-0.58,15,25,6,2020
2020-12-06,1.7373,1.7336,1.753,1.7282,15140000.0,-0.14,6,49,12,2020
2020-11-06,1.7398,1.7466,1.7549,1.7275,20535000.0,1.11,6,45,11,2020
2020-10-06,1.7207,1.7189,1.7494,1.7141,19876000.0,-0.07,6,41,10,2020
2020-09-06,1.7219,1.7039,1.7294,1.6976,18291000.0,0.99,6,36,9,2020
2020-08-06,1.7051,1.6867,1.7076,1.6807,15477000.0,1.31,6,32,8,2020
2020-05-06,1.683,1.7208,1.7232,1.6717,27368000.0,-2.57,6,19,5,2020
2020-04-06,1.7274,1.7028,1.729,1.6989,19872000.0,1.33,6,15,4,2020
2020-03-06,1.7048,1.7337,1.7389,1.6903,25652000.0,-1.68,6,10,3,2020
2020-02-06,1.734,1.7503,1.757,1.728,17535000.0,-0.93,6,6,2,2020
2020-01-06,1.7503,1.7498,1.761,1.7376,14613000.0,-0.08,6,2,1,2020
2020-05-29,1.7517,1.7327,1.7545,1.7253,15011000.0,1.35,29,22,5,2020
2020-05-28,1.7283,1.725,1.7437,1.72,16482000.0,1.03,28,22,5,2020
2020-05-27,1.7107,1.7031,1.7132,1.6842,13742000.0,-0.38,27,22,5,2020
2020-05-26,1.7173,1.7398,1.7456,1.7113,344000.0,0.69,26,22,5,2020
2020-05-25,1.7056,1.7348,1.7372,1.7,31317000.0,-1.72,25,22,5,2020
2020-05-22,1.7355,1.726,1.742,1.7225,19682000.0,0.79,22,21,5,2020
2020-05-21,1.7219,1.7517,1.7517,1.7153,23874000.0,-1.72,21,21,5,2020
2020-05-20,1.7521,1.7492,1.7576,1.744,18446000.0,0.37,20,21,5,2020
2020-05-19,1.7456,1.7348,1.7516,1.7272,18526000.0,0.65,19,21,5,2020
2020-05-18,1.7344,1.7575,1.7758,1.7293,27147000.0,-1.25,18,21,5,2020
2020-05-15,1.7563,1.7385,1.7612,1.7368,20018000.0,0.88,15,20,5,2020
2020-05-14,1.7409,1.7231,1.7465,1.716,21291000.0,1.43,14,20,5,2020
2020-05-13,1.7164,1.705,1.7265,1.7016,21161000.0,0.56,13,20,5,2020
2020-12-05,1.7068,1.7,1.7167,1.6935,19807000.0,0.52,5,49,12,2020
2020-11-05,1.698,1.706,1.7138,1.6921,20217000.0,-0.93,5,45,11,2020
2020-08-05,1.7139,1.7272,1.7355,1.7031,23281000.0,-0.69,5,32,8,2020
2020-07-05,1.7258,1.686,1.7332,1.6839,25070000.0,2.21,5,27,7,2020
2020-06-05,1.6885,1.7141,1.7166,1.683,20337000.0,-1.29,5,23,6,2020
2020-05-05,1.7106,1.711,1.7178,1.6954,18473000.0,-0.16,5,19,5,2020
2020-04-05,1.7133,1.7112,1.726,1.7003,14873000.0,0.73,5,14,4,2020
2020-01-05,1.7009,1.6935,1.7144,1.676,16802000.0,0.4,5,1,1,2020
2020-04-30,1.6942,1.7296,1.737,1.6875,23453000.0,-1.12,30,18,4,2020
2020-04-29,1.7134,1.7248,1.7335,1.7082,15960000.0,-0.51,29,18,4,2020
2020-04-28,1.7222,1.7244,1.7319,1.7041,17134000.0,-0.09,28,18,4,2020
2020-04-27,1.7238,1.745,1.7458,1.72,14664000.0,-0.68,27,18,4,2020
2020-04-24,1.7356,1.753,1.7602,1.7254,18024000.0,-0.56,24,17,4,2020
2020-04-23,1.7454,1.7365,1.7642,1.7306,20188000.0,0.41,23,17,4,2020
2020-04-22,1.7383,1.7031,1.7424,1.6954,19373000.0,2.99,22,17,4,2020
2020-04-21,1.6878,1.7133,1.718,1.6662,24863000.0,-1.37,21,17,4,2020
2020-04-20,1.7112,1.693,1.7184,1.685,18691000.0,0.73,20,17,4,2020
2020-04-17,1.6988,1.7385,1.7388,1.6912,22707000.0,-1.9,17,16,4,2020
2020-04-16,1.7317,1.7435,1.768,1.7226,20423000.0,-0.49,16,16,4,2020
2020-04-15,1.7402,1.7581,1.7598,1.7316,18670000.0,-1.62,15,16,4,2020
2020-04-14,1.7689,1.7615,1.7888,1.7471,24119000.0,0.43,14,16,4,2020
2020-04-13,1.7614,1.7423,1.7728,1.7242,16689000.0,0.49,13,16,4,2020
2020-09-04,1.7528,1.6805,1.7545,1.6765,21880000.0,4.07,4,36,9,2020
2020-08-04,1.6843,1.6787,1.6958,1.6707,12533000.0,0.04,4,32,8,2020
2020-07-04,1.6837,1.7071,1.7426,1.672,20450000.0,-0.6,4,27,7,2020
2020-06-04,1.6939,1.6477,1.7158,1.6382,19275000.0,2.93,4,23,6,2020
2020-03-04,1.6457,1.6353,1.6528,1.6244,13961000.0,0.49,4,10,3,2020
2020-02-04,1.6377,1.6024,1.6456,1.5952,16771000.0,2.91,4,6,2,2020
2020-01-04,1.5914,1.5894,1.6124,1.576,16448000.0,-0.33,4,1,1,2020
2020-03-31,1.5966,1.6434,1.6456,1.5882,17655000.0,-2.84,31,14,3,2020
2020-03-30,1.6432,1.6634,1.6736,1.632,15737000.0,-0.66,30,14,3,2020
2020-03-27,1.6541,1.6534,1.661,1.6307,15926000.0,0.18,27,13,3,2020
2020-03-26,1.6512,1.6425,1.6725,1.611,21597000.0,1.09,26,13,3,2020
2020-03-25,1.6334,1.6662,1.6993,1.6152,25419000.0,-1.65,25,13,3,2020
2020-03-24,1.6608,1.5638,1.698,1.5605,41878000.0,5.95,24,13,3,2020
2020-03-23,1.5676,1.505,1.5693,1.4846,36207000.0,5.59,23,13,3,2020
2020-03-20,1.4846,1.4716,1.5194,1.4575,26997000.0,0.36,20,12,3,2020
2020-03-19,1.4793,1.4872,1.5028,1.4601,32529000.0,0.09,19,12,3,2020
2020-03-18,1.4779,1.5276,1.547,1.4733,43519000.0,-3.14,18,12,3,2020
2020-03-17,1.5258,1.5128,1.5543,1.4656,43451000.0,2.64,17,12,3,2020
2020-03-16,1.4865,1.5638,1.5748,1.4509,56598000.0,-1.99,16,12,3,2020
2020-03-13,1.5167,1.5827,1.5979,1.504,55105000.0,-4.63,13,11,3,2020
2020-12-03,1.5903,1.6331,1.651,1.5604,60572000.0,-3.17,3,49,12,2020
2020-11-03,1.6423,1.6493,1.6718,1.6324,40435000.0,-1.08,3,45,11,2020
2020-10-03,1.6603,1.6796,1.6813,1.6411,38548000.0,-0.92,3,40,10,2020
2020-09-03,1.6757,1.6926,1.7043,1.658,50416000.0,0.2,3,36,9,2020
2020-06-03,1.6724,1.6731,1.6928,1.6424,65963000.0,0.26,3,23,6,2020
2020-05-03,1.668,1.6382,1.6755,1.6356,36300000.0,1.52,3,18,5,2020
2020-04-03,1.643,1.6401,1.6543,1.6326,31334000.0,-0.09,3,14,4,2020
2020-03-03,1.6444,1.586,1.6505,1.5859,46653000.0,3.11,3,10,3,2020
2020-02-03,1.5948,1.5928,1.6121,1.5763,44353000.0,1.79,3,6,2,2020
2020-02-28,1.5667,1.6461,1.651,1.564,74584000.0,-4.61,28,9,2,2020
2020-02-27,1.6425,1.643,1.6625,1.6367,57329000.0,-0.04,27,9,2,2020
2020-02-26,1.6431,1.6373,1.6571,1.6266,53190000.0,-0.42,26,9,2,2020
2020-02-25,1.65,1.6618,1.6667,1.627,67276000.0,-1.59,25,9,2,2020
2020-02-24,1.6766,1.656,1.6917,1.6528,68082000.0,1.69,24,9,2,2020
2020-02-21,1.6488,1.6236,1.6521,1.6216,48919000.0,1.75,21,8,2,2020
2020-02-20,1.6205,1.615,1.6265,1.6066,40304000.0,0.54,20,8,2,2020
2020-02-19,1.6118,1.6048,1.6159,1.6024,30789000.0,0.51,19,8,2,2020
2020-02-18,1.6036,1.5851,1.6082,1.5818,41424000.0,0.0,18,8,2,2020
2020-02-17,1.6036,1.5851,1.6082,1.5818,41424000.0,1.08,17,8,2,2020
2020-02-14,1.5864,1.579,1.5882,1.576,22711000.0,0.48,14,7,2,2020
2020-02-13,1.5788,1.5698,1.5817,1.5685,27625000.0,0.46,13,7,2,2020
2020-12-02,1.5716,1.5712,1.5736,1.5644,18955000.0,0.1,2,49,12,2020
2020-11-02,1.5701,1.5755,1.5775,1.5652,23183000.0,-0.6,2,45,11,2020
2020-10-02,1.5795,1.5758,1.5805,1.5715,19175000.0,0.39,2,40,10,2020
2020-07-02,1.5734,1.5707,1.5778,1.5635,28642000.0,0.22,2,27,7,2020
2020-06-02,1.57,1.56,1.5719,1.556,22900000.0,0.46,2,23,6,2020
2020-05-02,1.5628,1.5561,1.5662,1.5511,30605000.0,0.47,2,18,5,2020
2020-04-02,1.5555,1.5815,1.5845,1.5528,34900000.0,-1.7,2,14,4,2020
2020-03-02,1.5824,1.5978,1.5985,1.5732,32060000.0,-0.35,2,10,3,2020
2020-01-31,1.5879,1.5784,1.5955,1.575,34337000.0,-0.08,31,5,1,2020
2020-01-30,1.5892,1.5824,1.5907,1.5768,38260000.0,1.2,30,5,1,2020
2020-01-29,1.5704,1.5663,1.5777,1.562,25127000.0,0.04,29,5,1,2020
2020-01-28,1.5698,1.5806,1.5822,1.5646,37801000.0,-0.48,28,5,1,2020
2020-01-27,1.5774,1.5805,1.5884,1.5753,39806000.0,0.35,27,5,1,2020
2020-01-24,1.5719,1.5629,1.5755,1.5558,42714000.0,0.42,24,4,1,2020
2020-01-23,1.5654,1.5589,1.5675,1.5513,36103000.0,0.56,23,4,1,2020
2020-01-22,1.5567,1.5589,1.5598,1.55,28608000.0,-0.26,22,4,1,2020
2020-01-21,1.5608,1.567,1.5714,1.5492,222000.0,0.19,21,4,1,2020
2020-01-20,1.5579,1.5573,1.5688,1.546,46262000.0,-0.15,20,4,1,2020
2020-01-17,1.5603,1.553,1.5614,1.5493,26493000.0,0.63,17,3,1,2020
2020-01-16,1.5505,1.5566,1.5582,1.548,26005000.0,-0.23,16,3,1,2020
2020-01-15,1.554,1.5468,1.5588,1.5465,31007000.0,0.61,15,3,1,2020
2020-01-14,1.5446,1.5486,1.5495,1.5364,34091000.0,-0.39,14,3,1,2020
2020-01-13,1.5506,1.563,1.5631,1.547,31173000.0,-0.61,13,3,1,2020
2020-10-01,1.5601,1.5534,1.5641,1.5467,34434000.0,0.37,1,40,10,2020
2020-09-01,1.5543,1.5577,1.5624,1.541,37288000.0,-0.38,1,36,9,2020
2020-08-01,1.5602,1.5788,1.6133,1.5534,81341000.0,-0.9,1,31,8,2020
2020-07-01,1.5743,1.5674,1.5792,1.557,43587000.0,0.35,1,27,7,2020
2020-06-01,1.5688,1.5627,1.5909,1.5623,55897000.0,1.06,1,23,6,2020
2020-03-01,1.5524,1.5317,1.5566,1.5304,43674000.0,1.59,1,9,3,2020
2020-02-01,1.5281,1.521,1.534,1.5197,27055000.0,0.33,1,5,2,2020
2019-12-31,1.5231,1.5177,1.529,1.5175,22085000.0,0.3,31,1,12,2019
2019-12-30,1.5186,1.5159,1.5191,1.5135,17872000.0,0.03,30,1,12,2019
2019-12-27,1.5181,1.5165,1.5199,1.5121,20499000.0,0.24,27,52,12,2019
2019-12-26,1.5144,1.5039,1.5174,1.5021,21661000.0,0.64,26,52,12,2019
2019-12-24,1.5048,1.4898,1.505,1.4881,18368000.0,1.08,24,52,12,2019
2019-12-23,1.4887,1.4824,1.4901,1.4812,16245000.0,0.53,23,52,12,2019
2019-12-20,1.4809,1.4827,1.4848,1.4795,14077000.0,-0.24,20,51,12,2019
2019-12-19,1.4844,1.4794,1.4858,1.4771,20119000.0,0.39,19,51,12,2019
2019-12-18,1.4787,1.4804,1.4836,1.4743,19797000.0,-0.13,18,51,12,2019
2019-12-17,1.4806,1.4806,1.4849,1.4784,17325000.0,0.01,17,51,12,2019
2019-12-16,1.4805,1.48,1.4845,1.4774,16585000.0,-0.05,16,51,12,2019
2019-12-13,1.4812,1.4708,1.4825,1.4655,35668000.0,0.6,13,50,12,2019
2019-12-12,1.4723,1.4792,1.4916,1.4682,40986000.0,-0.18,12,50,12,2019
2019-11-12,1.475,1.4685,1.4835,1.4669,25173000.0,0.47,12,46,11,2019
2019-10-12,1.4681,1.4663,1.4737,1.4642,22883000.0,0.22,12,41,10,2019
2019-09-12,1.4649,1.4641,1.4698,1.463,17722000.0,-0.01,12,37,9,2019
2019-06-12,1.4651,1.481,1.4853,1.4633,31732000.0,-1.21,12,24,6,2019
2019-05-12,1.4831,1.48,1.4857,1.478,24001000.0,0.2,12,19,5,2019
2019-04-12,1.4802,1.4832,1.4899,1.4767,31973000.0,-0.28,12,15,4,2019
2019-03-12,1.4844,1.468,1.4877,1.4654,40090000.0,1.03,12,11,3,2019
2019-02-12,1.4692,1.4703,1.4717,1.4598,31658000.0,-0.24,12,7,2,2019
2019-11-29,1.4727,1.4612,1.4729,1.4591,27234000.0,0.0,29,48,11,2019
2019-11-28,1.4727,1.4612,1.4729,1.4591,27234000.0,1.33,28,48,11,2019
2019-11-27,1.4534,1.4611,1.4619,1.452,8836000.0,-0.47,27,48,11,2019
2019-11-26,1.4603,1.4551,1.4629,1.4496,34636000.0,0.23,26,48,11,2019
2019-11-25,1.4569,1.461,1.462,1.4539,29871000.0,-0.46,25,48,11,2019
2019-11-22,1.4636,1.4643,1.4734,1.4612,32050000.0,0.0,22,47,11,2019
2019-11-21,1.4636,1.4751,1.4759,1.4624,38834000.0,-0.72,21,47,11,2019
2019-11-20,1.4742,1.4727,1.4792,1.4661,36997000.0,-0.01,20,47,11,2019
2019-11-19,1.4743,1.4719,1.4758,1.4651,30786000.0,0.16,19,47,11,2019
2019-11-18,1.4719,1.4678,1.4744,1.4566,33124000.0,0.23,18,47,11,2019
2019-11-15,1.4685,1.4719,1.4721,1.4628,25121000.0,-0.33,15,46,11,2019
2019-11-14,1.4734,1.464,1.4755,1.4617,31740000.0,0.69,14,46,11,2019
2019-11-13,1.4633,1.4565,1.4679,1.4564,35233000.0,0.66,13,46,11,2019
2019-12-11,1.4537,1.4559,1.4613,1.4462,42961000.0,-0.23,11,50,12,2019
2019-11-11,1.4571,1.46,1.4674,1.4489,31016000.0,-0.4,11,46,11,2019
2019-08-11,1.4629,1.469,1.4739,1.457,44707000.0,-0.24,11,32,8,2019
2019-07-11,1.4664,1.4921,1.4936,1.4614,67498000.0,-1.79,11,28,7,2019
2019-06-11,1.4931,1.4843,1.4959,1.4838,31372000.0,0.63,11,24,6,2019
2019-05-11,1.4837,1.5116,1.5119,1.4807,59362000.0,-1.81,11,19,5,2019
2019-04-11,1.5111,1.5164,1.5171,1.5065,26020000.0,-0.02,11,15,4,2019
2019-01-11,1.5114,1.5151,1.519,1.5054,38099000.0,-0.22,11,2,1,2019
2019-10-31,1.5148,1.4988,1.5167,1.496,39001000.0,1.21,31,44,10,2019
2019-10-30,1.4967,1.4905,1.4993,1.4831,35364000.0,0.4,30,44,10,2019
2019-10-29,1.4907,1.4943,1.4971,1.4856,29198000.0,-0.34,29,44,10,2019
2019-10-28,1.4958,1.5074,1.5108,1.4923,31813000.0,-0.63,28,44,10,2019
2019-10-25,1.5053,1.5064,1.5209,1.5031,36874000.0,0.04,25,43,10,2019
2019-10-24,1.5047,1.4951,1.5069,1.4904,30501000.0,0.6,24,43,10,2019
2019-10-23,1.4957,1.4911,1.4994,1.4907,24462000.0,0.55,23,43,10,2019
2019-10-22,1.4875,1.4875,1.4921,1.484,20897000.0,-0.04,22,43,10,2019
2019-10-21,1.4881,1.4956,1.4987,1.4848,28429000.0,-0.4,21,43,10,2019
2019-10-18,1.4941,1.4956,1.4979,1.4883,23255000.0,-0.28,18,42,10,2019
2019-10-17,1.4983,1.4942,1.5011,1.487,30567000.0,0.29,17,42,10,2019
2019-10-16,1.494,1.4848,1.4955,1.4806,36790000.0,0.71,16,42,10,2019
2019-10-15,1.4835,1.4977,1.503,1.4808,31799000.0,-0.94,15,42,10,2019
2019-10-14,1.4976,1.492,1.5015,1.4871,22832000.0,0.6,14,42,10,2019
2019-11-10,1.4887,1.4983,1.508,1.478,48596000.0,-0.81,10,45,11,2019
2019-10-10,1.5009,1.5108,1.5223,1.4957,41788000.0,-0.79,10,41,10,2019
2019-09-10,1.5128,1.5109,1.518,1.5051,28528000.0,0.59,10,37,9,2019
2019-08-10,1.5039,1.4987,1.5153,1.4921,37144000.0,-0.03,10,32,8,2019
2019-07-10,1.5044,1.5186,1.5188,1.4933,25778000.0,-0.56,10,28,7,2019
2019-04-10,1.5129,1.5116,1.5222,1.5014,34479000.0,-0.06,10,15,4,2019
2019-03-10,1.5138,1.5056,1.5258,1.5017,40874000.0,0.39,10,10,3,2019
2019-02-10,1.5079,1.4854,1.5114,1.4805,39310000.0,1.27,10,6,2,2019
2019-01-10,1.489,1.478,1.4935,1.465,45017000.0,1.09,10,2,1,2019
2019-09-30,1.4729,1.5017,1.5072,1.4705,43971000.0,-2.22,30,40,9,2019
2019-09-27,1.5064,1.5118,1.5144,1.4933,45193000.0,-0.58,27,39,9,2019
2019-09-26,1.5152,1.5109,1.5195,1.5071,37829000.0,0.19,26,39,9,2019
2019-09-25,1.5123,1.5398,1.5428,1.5074,48146000.0,-1.81,25,39,9,2019
2019-09-24,1.5402,1.5298,1.5433,1.5228,42486000.0,0.57,24,39,9,2019
2019-09-23,1.5315,1.5215,1.5344,1.5179,35988000.0,1.08,23,39,9,2019
2019-09-20,1.5151,1.5068,1.5245,1.5053,28439000.0,0.59,20,38,9,2019
2019-09-19,1.5062,1.502,1.5121,1.4963,29130000.0,-0.63,19,38,9,2019
2019-09-18,1.5158,1.5097,1.5195,1.4907,36496000.0,0.16,18,38,9,2019
2019-09-17,1.5134,1.5065,1.515,1.5009,33663000.0,0.13,17,38,9,2019
2019-09-16,1.5115,1.5131,1.5197,1.5034,34961000.0,0.8,16,38,9,2019
2019-09-13,1.4995,1.5065,1.5166,1.4931,36442000.0,-0.52,13,37,9,2019
2019-12-09,1.5074,1.5049,1.5322,1.4968,49147000.0,0.28,9,50,12,2019
2019-11-09,1.5032,1.4939,1.5062,1.4929,30879000.0,0.27,9,45,11,2019
2019-10-09,1.4992,1.507,1.5091,1.4921,39792000.0,-0.79,9,41,10,2019
2019-09-09,1.5111,1.5164,1.5238,1.5055,31752000.0,-0.29,9,37,9,2019
2019-06-09,1.5155,1.5256,1.5362,1.5107,54487000.0,-0.66,9,23,6,2019
2019-05-09,1.5255,1.5614,1.5619,1.5143,60640000.0,-2.24,9,19,5,2019
2019-04-09,1.5604,1.556,1.5662,1.5426,41235000.0,0.49,9,15,4,2019
2019-03-09,1.5528,1.5319,1.5329,1.5253,0.0,-0.2,9,10,3,2019
2019-02-09,1.5559,1.5352,1.5589,1.528,55483000.0,1.73,9,6,2,2019
2019-08-30,1.5294,1.5369,1.5419,1.5256,33085000.0,-0.49,30,35,8,2019
2019-08-29,1.5369,1.5494,1.5598,1.5286,45560000.0,-0.79,29,35,8,2019
2019-08-28,1.5491,1.5518,1.5566,1.5414,35391000.0,-0.17,28,35,8,2019
2019-08-27,1.5518,1.5373,1.5545,1.5353,34705000.0,0.95,27,35,8,2019
2019-08-26,1.5372,1.5454,1.565,1.5348,41167000.0,-0.03,26,35,8,2019
2019-08-23,1.5376,1.5088,1.5403,1.503,47300000.0,1.93,23,34,8,2019
2019-08-22,1.5085,1.5124,1.5146,1.5021,27941000.0,-0.48,22,34,8,2019
2019-08-21,1.5157,1.5184,1.5184,1.5065,24590000.0,0.0,21,34,8,2019
2019-08-20,1.5157,1.5063,1.5188,1.503,24754000.0,0.27,20,34,8,2019
2019-08-19,1.5116,1.523,1.5236,1.5033,29583000.0,-0.79,19,34,8,2019
2019-08-16,1.5236,1.5339,1.5386,1.5139,32246000.0,-0.5,16,33,8,2019
2019-08-15,1.5312,1.5266,1.5377,1.5183,43612000.0,0.22,15,33,8,2019
2019-08-14,1.5278,1.513,1.5349,1.5045,48419000.0,0.9,14,33,8,2019
2019-08-13,1.5141,1.5223,1.5461,1.4889,61674000.0,-0.2,13,33,8,2019
2019-12-08,1.5172,1.5092,1.5315,1.4986,35510000.0,0.58,8,49,12,2019
2019-09-08,1.5085,1.5159,1.5211,1.5062,33261000.0,-0.07,8,36,9,2019
2019-08-08,1.5095,1.5121,1.5213,1.5016,40296000.0,-0.66,8,32,8,2019
2019-07-08,1.5196,1.4867,1.5227,1.4843,65155000.0,2.39,8,28,7,2019
2019-06-08,1.4842,1.4811,1.4868,1.4682,38192000.0,0.52,8,23,6,2019
2019-05-08,1.4765,1.4512,1.4818,1.4488,53419000.0,1.3,8,19,5,2019
2019-02-08,1.4575,1.4575,1.4619,1.4425,49305000.0,1.75,8,6,2,2019
2019-01-08,1.4324,1.4256,1.4582,1.4121,58756000.0,-0.38,8,2,1,2019
2019-07-31,1.4378,1.4437,1.4478,1.4223,41958000.0,-0.28,31,31,7,2019
2019-07-30,1.4418,1.4395,1.4457,1.4348,25962000.0,1.51,30,31,7,2019
2019-07-29,1.4204,1.419,1.428,1.4144,22427000.0,0.08,29,31,7,2019
2019-07-26,1.4193,1.4149,1.4248,1.4129,30602000.0,0.33,26,30,7,2019
2019-07-25,1.4147,1.4268,1.4341,1.4111,48939000.0,-0.63,25,30,7,2019
2019-07-24,1.4236,1.4186,1.43,1.4167,31816000.0,0.13,24,30,7,2019
2019-07-23,1.4217,1.426,1.4314,1.4146,38668000.0,-0.36,23,30,7,2019
2019-07-22,1.4269,1.4285,1.4308,1.423,25535000.0,0.01,22,30,7,2019
2019-07-19,1.4267,1.4483,1.4544,1.4211,53002000.0,-0.1,19,29,7,2019
2019-07-18,1.4281,1.4285,1.4497,1.4156,48133000.0,0.34,18,29,7,2019
2019-07-17,1.4233,1.4079,1.4284,1.4013,35817000.0,0.86,17,29,7,2019
2019-07-16,1.4112,1.4164,1.42,1.4021,33482000.0,-0.16,16,29,7,2019
2019-07-15,1.4135,1.4177,1.4216,1.4093,24338000.0,0.09,15,29,7,2019
2019-12-07,1.4122,1.4062,1.4189,1.4045,28497000.0,0.39,7,49,12,2019
2019-11-07,1.4067,1.4211,1.4294,1.4027,40009000.0,-0.41,7,45,11,2019
2019-10-07,1.4125,1.4,1.4211,1.3918,44350000.0,0.86,7,41,10,2019
2019-09-07,1.4005,1.3979,1.4024,1.3875,28718000.0,0.04,7,36,9,2019
2019-08-07,1.4,1.401,1.4099,1.3938,31869000.0,-0.24,7,32,8,2019
2019-05-07,1.4034,1.4265,1.4279,1.393,34000.0,0.24,7,19,5,2019
2019-04-07,1.4001,1.4216,1.4268,1.3886,57738000.0,-1.46,7,14,4,2019
2019-03-07,1.4209,1.4247,1.441,1.4147,41961000.0,0.92,7,10,3,2019
2019-02-07,1.408,1.3862,1.424,1.3862,38325000.0,1.35,7,6,2,2019
2019-01-07,1.3893,1.4018,1.4019,1.3847,38976000.0,-1.73,7,2,1,2019
2019-06-28,1.4137,1.4133,1.4278,1.4086,30662000.0,0.12,28,26,6,2019
2019-06-27,1.412,1.4127,1.4153,1.4014,33636000.0,-0.24,27,26,6,2019
2019-06-26,1.4154,1.4272,1.4279,1.405,42195000.0,-0.23,26,26,6,2019
2019-06-25,1.4187,1.4234,1.4429,1.4151,64359000.0,0.04,25,26,6,2019
2019-06-24,1.4182,1.4039,1.4251,1.4036,37515000.0,1.29,24,26,6,2019
2019-06-21,1.4001,1.3912,1.4154,1.3861,51889000.0,0.23,21,25,6,2019
2019-06-20,1.3969,1.3645,1.3977,1.3613,54290000.0,3.57,20,25,6,2019
2019-06-19,1.3488,1.3504,1.3666,1.3448,33261000.0,-0.14,19,25,6,2019
2019-06-18,1.3507,1.3439,1.3585,1.3421,37627000.0,0.58,18,25,6,2019
2019-06-17,1.3429,1.3455,1.3471,1.3366,23871000.0,-0.12,17,25,6,2019
2019-06-14,1.3445,1.3465,1.3622,1.3414,35845000.0,0.06,14,24,6,2019
2019-06-13,1.3437,1.3378,1.347,1.3359,20483000.0,0.52,13,24,6,2019
2019-12-06,1.3368,1.3306,1.3423,1.3298,23446000.0,0.42,6,49,12,2019
2019-11-06,1.3312,1.3318,1.3338,1.3236,21515000.0,0.14,6,45,11,2019
2019-10-06,1.3293,1.3412,1.3417,1.329,22803000.0,-1.25,6,40,10,2019
2019-07-06,1.3461,1.3397,1.3527,1.3343,33129000.0,0.25,6,27,7,2019
2019-06-06,1.3427,1.3361,1.3442,1.3313,26309000.0,0.68,6,23,6,2019
2019-05-06,1.3336,1.3302,1.3489,1.3293,41347000.0,0.37,6,19,5,2019
2019-04-06,1.3287,1.3297,1.3341,1.3247,31996000.0,0.06,6,14,4,2019
2019-03-06,1.3279,1.3125,1.333,1.3109,36340000.0,1.28,6,10,3,2019
2019-05-31,1.3111,1.2932,1.3119,1.2925,34118000.0,1.45,31,22,5,2019
2019-05-30,1.2924,1.2851,1.2939,1.2792,28402000.0,0.89,30,22,5,2019
2019-05-29,1.281,1.2789,1.2852,1.2784,18969000.0,0.07,29,22,5,2019
2019-05-28,1.2801,1.2872,1.2896,1.2785,78000.0,0.23,28,22,5,2019
2019-05-27,1.2771,1.2835,1.2869,1.2751,36216000.0,-0.51,27,22,5,2019
2019-05-24,1.2836,1.2832,1.2847,1.2801,21871000.0,-0.14,24,21,5,2019
2019-05-23,1.2854,1.2736,1.2871,1.2721,33016000.0,0.88,23,21,5,2019
2019-05-22,1.2742,1.2744,1.2771,1.272,19137000.0,0.08,22,21,5,2019
2019-05-21,1.2732,1.2777,1.2777,1.269,21317000.0,-0.32,21,21,5,2019
2019-05-20,1.2773,1.2776,1.2788,1.2733,21218000.0,0.13,20,21,5,2019
2019-05-17,1.2757,1.2872,1.289,1.2746,26457000.0,-0.82,17,20,5,2019
2019-05-16,1.2862,1.2969,1.2993,1.2842,28207000.0,-0.89,16,20,5,2019
2019-05-15,1.2978,1.2983,1.3017,1.2936,24752000.0,0.12,15,20,5,2019
2019-05-14,1.2963,1.302,1.3026,1.2943,22205000.0,-0.42,14,20,5,2019
2019-05-13,1.3018,1.2884,1.3022,1.2824,37944000.0,1.12,13,20,5,2019
2019-10-05,1.2874,1.2851,1.2903,1.284,23864000.0,0.17,5,40,10,2019
2019-09-05,1.2852,1.2829,1.2892,1.2804,30655000.0,0.3,5,36,9,2019
2019-08-05,1.2814,1.2874,1.2928,1.2802,30269000.0,-0.33,5,32,8,2019
2019-07-05,1.2856,1.2841,1.2873,1.2791,25109000.0,0.14,5,27,7,2019
2019-06-05,1.2838,1.2864,1.2864,1.2781,24434000.0,0.2,5,23,6,2019
2019-03-05,1.2813,1.2729,1.2839,1.269,28032000.0,0.73,5,10,3,2019
2019-02-05,1.272,1.2782,1.2784,1.2673,28250000.0,-0.95,5,6,2,2019
2019-01-05,1.2842,1.2842,1.2894,1.2745,27543000.0,-0.12,5,1,1,2019
2019-04-30,1.2857,1.2835,1.2882,1.2816,23944000.0,0.33,30,18,4,2019
2019-04-29,1.2815,1.287,1.2886,1.2799,20896000.0,-0.57,29,18,4,2019
2019-04-26,1.2888,1.2801,1.2909,1.276,27889000.0,0.71,26,17,4,2019
2019-04-25,1.2797,1.2763,1.2848,1.2754,23715000.0,0.02,25,17,4,2019
2019-04-24,1.2794,1.2723,1.2807,1.2705,24605000.0,0.49,24,17,4,2019
2019-04-23,1.2732,1.2772,1.2785,1.2679,28034000.0,-0.34,23,17,4,2019
2019-04-22,1.2776,1.2779,1.2819,1.2757,13644000.0,0.13,22,17,4,2019
2019-04-18,1.276,1.2763,1.2797,1.273,22963000.0,-0.06,18,16,4,2019
2019-04-17,1.2768,1.2787,1.2821,1.2752,22336000.0,-0.03,17,16,4,2019
2019-04-16,1.2772,1.29,1.2903,1.2755,32651000.0,-1.09,16,16,4,2019
2019-04-15,1.2913,1.2932,1.2935,1.2853,23299000.0,-0.3,15,16,4,2019
2019-12-04,1.2952,1.2968,1.2991,1.2932,19249000.0,0.15,4,49,12,2019
2019-11-04,1.2933,1.3114,1.3121,1.2929,32474000.0,-1.57,4,45,11,2019
2019-10-04,1.3139,1.3076,1.3147,1.3047,21888000.0,0.43,4,40,10,2019
2019-09-04,1.3083,1.3032,1.3104,1.3011,20034000.0,0.49,4,36,9,2019
2019-08-04,1.3019,1.2976,1.3079,1.297,20757000.0,0.49,4,31,8,2019
2019-05-04,1.2956,1.2958,1.2974,1.2883,23145000.0,0.1,4,18,5,2019
2019-04-04,1.2943,1.2963,1.2987,1.2849,26254000.0,-0.08,4,14,4,2019
2019-03-04,1.2953,1.2956,1.299,1.2927,19037000.0,-0.01,4,10,3,2019
2019-02-04,1.2954,1.2927,1.2971,1.2895,19640000.0,0.09,4,6,2,2019
2019-01-04,1.2942,1.2959,1.3017,1.291,23666000.0,-0.33,4,1,1,2019
2019-03-29,1.2985,1.2963,1.3046,1.2913,27018000.0,0.25,29,13,3,2019
2019-03-28,1.2953,1.3159,1.3176,1.2933,42682000.0,-1.15,28,13,3,2019
2019-03-27,1.3104,1.3167,1.3188,1.3073,20626000.0,-0.35,27,13,3,2019
2019-03-26,1.315,1.3205,1.3219,1.3121,26717000.0,-0.57,26,13,3,2019
2019-03-25,1.3226,1.3132,1.3245,1.3126,25198000.0,0.78,25,13,3,2019
2019-03-22,1.3123,1.3082,1.3147,1.307,27138000.0,0.38,22,12,3,2019
2019-03-21,1.3073,1.3161,1.3202,1.3028,33261000.0,0.43,21,12,3,2019
2019-03-20,1.3017,1.3043,1.3172,1.2981,37040000.0,-0.37,20,12,3,2019
2019-03-19,1.3065,1.3048,1.3108,1.3034,20690000.0,0.38,19,12,3,2019
2019-03-18,1.3015,1.2993,1.3067,1.298,17649000.0,-0.11,18,12,3,2019
2019-03-15,1.3029,1.2954,1.3063,1.2937,23465000.0,0.6,15,11,3,2019
2019-03-14,1.2951,1.3081,1.3086,1.2925,24821000.0,-1.08,14,11,3,2019
2019-03-13,1.3093,1.3037,1.3116,1.3034,21424000.0,0.86,13,11,3,2019
2019-12-03,1.2981,1.2931,1.3026,1.2929,20389000.0,0.54,3,49,12,2019
2019-11-03,1.2911,1.2985,1.2992,1.2906,19686000.0,-0.63,3,44,11,2019
2019-08-03,1.2993,1.2868,1.3013,1.2865,28384000.0,1.03,3,31,8,2019
2019-07-03,1.2861,1.2886,1.2896,1.2808,25792000.0,-0.12,3,27,7,2019
2019-06-03,1.2876,1.2885,1.2918,1.2843,19293000.0,0.23,3,23,6,2019
2019-05-03,1.2847,1.2885,1.2906,1.282,21693000.0,-0.22,3,18,5,2019
2019-04-03,1.2875,1.2974,1.2981,1.2838,26839000.0,-0.9,3,14,4,2019
2019-01-03,1.2992,1.3159,1.3159,1.2913,34347000.0,-1.28,3,1,1,2019
2019-02-28,1.3161,1.3196,1.3289,1.314,25224000.0,-0.39,28,9,2,2019
2019-02-27,1.3212,1.331,1.3311,1.3184,19804000.0,-0.55,27,9,2,2019
2019-02-26,1.3285,1.3299,1.3324,1.3255,18556000.0,-0.08,26,9,2,2019
2019-02-25,1.3295,1.3327,1.3349,1.3273,18178000.0,-0.25,25,9,2,2019
2019-02-22,1.3328,1.3272,1.3356,1.3238,24180000.0,0.38,22,8,2,2019
2019-02-21,1.3278,1.3405,1.3437,1.3233,28581000.0,-1.49,21,8,2,2019
2019-02-20,1.3479,1.3478,1.3498,1.3398,24672000.0,0.23,20,8,2,2019
2019-02-19,1.3448,1.325,1.345,1.3238,34864000.0,0.0,19,8,2,2019
2019-02-18,1.3448,1.3279,1.345,1.3244,34864000.0,1.72,18,8,2,2019
2019-02-15,1.3221,1.3147,1.3258,1.3143,20028000.0,0.62,15,7,2,2019
2019-02-14,1.3139,1.3118,1.3174,1.3047,22846000.0,-0.09,14,7,2,2019
2019-02-13,1.3151,1.3152,1.3217,1.3081,21396000.0,0.08,13,7,2,2019
2019-12-02,1.314,1.3114,1.3183,1.3107,14645000.0,0.16,2,49,12,2019
2019-11-02,1.3119,1.3181,1.3187,1.3071,15061000.0,-0.5,2,44,11,2019
2019-08-02,1.3185,1.3132,1.3195,1.3115,15061000.0,0.33,2,31,8,2019
2019-07-02,1.3142,1.3081,1.3158,1.3064,16676000.0,-0.02,2,27,7,2019
2019-06-02,1.3144,1.3176,1.3197,1.3096,13725000.0,-0.36,2,22,6,2019
2019-05-02,1.3192,1.3171,1.321,1.3148,12901000.0,-0.01,2,18,5,2019
2019-04-02,1.3193,1.3196,1.3201,1.3127,15956000.0,-0.21,2,14,4,2019
2019-01-02,1.3221,1.323,1.3282,1.3206,20000000.0,-0.23,2,1,1,2019
2019-01-31,1.3252,1.323,1.3311,1.3226,22475000.0,0.74,31,5,1,2019
2019-01-30,1.3155,1.3184,1.3286,1.3135,27211000.0,0.5,30,5,1,2019
2019-01-29,1.3089,1.3022,1.3108,1.302,21361000.0,0.45,29,5,1,2019
2019-01-28,1.3031,1.301,1.3037,1.2965,24307000.0,0.39,28,5,1,2019
2019-01-25,1.2981,1.2792,1.3034,1.2789,30384000.0,1.43,25,4,1,2019
2019-01-24,1.2798,1.2836,1.2836,1.2753,22577000.0,-0.33,24,4,1,2019
2019-01-23,1.284,1.2844,1.286,1.2777,21713000.0,-0.14,23,4,1,2019
2019-01-22,1.2858,1.2845,1.2872,1.279,127000.0,0.19,22,4,1,2019
2019-01-21,1.2834,1.2824,1.285,1.276,31885000.0,0.06,21,4,1,2019
2019-01-18,1.2826,1.2904,1.292,1.2801,22557000.0,-0.75,18,3,1,2019
2019-01-17,1.2923,1.2946,1.295,1.2883,19198000.0,-0.12,17,3,1,2019
2019-01-16,1.2938,1.2891,1.2954,1.2876,18139000.0,0.42,16,3,1,2019
2019-01-15,1.2884,1.2931,1.2948,1.2865,24207000.0,-0.22,15,3,1,2019
2019-01-14,1.2913,1.2927,1.2966,1.2886,22189000.0,0.14,14,3,1,2019
2019-11-01,1.2895,1.2902,1.2957,1.2872,21064000.0,0.16,1,44,11,2019
2019-10-01,1.2874,1.2936,1.298,1.2867,23992000.0,-0.36,1,40,10,2019
2019-09-01,1.292,1.287,1.295,1.2809,24597000.0,0.47,1,35,9,2019
2019-08-01,1.2859,1.2874,1.2884,1.2802,22192000.0,-0.31,1,31,8,2019
2019-07-01,1.2899,1.2902,1.297,1.2873,20468000.0,0.32,1,27,7,2019
2019-04-01,1.2858,1.2989,1.3,1.2781,31606000.0,-0.7,1,14,4,2019
2019-03-01,1.2948,1.2904,1.2969,1.2864,24454000.0,0.83,1,9,3,2019
2019-02-01,1.2841,1.285,1.291,1.2806,23533000.0,0.22,1,5,2,2019
